Position,Draft,Percentile,Height,Weight,Wingspan,Standing Reach,Hand Length,Hand Width,Standing Vert,Max Vert,Lane Agility,Shuttle,Sprint,Bench
Center,FIRST ROUND,0,79.25,206.4,84.5,107,8.5,8.5,23.5,27.5,12.85,3.61,3.57,4
Center,FIRST ROUND,0.01,79.6,210.92,84.815,107.3,8.5,8.605,23.56,27.56,12.808,3.5848,3.5616,4.03
Center,FIRST ROUND,0.02,79.95,215.44,85.13,107.6,8.5,8.71,23.62,27.62,12.766,3.5596,3.5532,4.06
Center,FIRST ROUND,0.03,80.3,219.96,85.445,107.9,8.5,8.815,23.68,27.68,12.724,3.5344,3.5448,4.09
Center,FIRST ROUND,0.04,80.65,224.48,85.76,108.2,8.5,8.92,23.74,27.74,12.682,3.5092,3.5364,4.12
Center,FIRST ROUND,0.05,81,229,86.0375,108.5,8.5125,9,23.8,27.8,12.64,3.484,3.528,4.15
Center,FIRST ROUND,0.06,81.05,229.08,86.195,108.6,8.565,9,23.86,27.86,12.598,3.4588,3.5196,4.18
Center,FIRST ROUND,0.07,81.1,229.16,86.3525,108.7,8.6175,9,23.92,27.92,12.556,3.4336,3.5112,4.21
Center,FIRST ROUND,0.08,81.15,229.24,86.51,108.8,8.67,9,23.98,27.98,12.514,3.4084,3.5028,4.24
Center,FIRST ROUND,0.09,81.2,229.32,86.6675,108.9,8.7225,9,24.04,28.08,12.468,3.3928,3.5,4.27
Center,FIRST ROUND,0.1,81.25,229.4,86.775,109,8.75,9.05,24.1,28.2,12.42,3.382,3.5,4.3
Center,FIRST ROUND,0.11,81.25,229.44,86.8275,109,8.75,9.155,24.16,28.32,12.372,3.3712,3.5,4.33
Center,FIRST ROUND,0.12,81.25,229.48,86.88,109,8.75,9.26,24.22,28.44,12.324,3.3604,3.5,4.36
Center,FIRST ROUND,0.13,81.25,229.52,86.9325,109,8.75,9.365,24.28,28.56,12.276,3.3496,3.5,4.39
Center,FIRST ROUND,0.14,81.25,229.56,86.985,109,8.75,9.47,24.34,28.68,12.228,3.3388,3.5,4.42
Center,FIRST ROUND,0.15,81.25,229.6,87,109,8.7875,9.5,24.4,28.8,12.18,3.328,3.5,4.45
Center,FIRST ROUND,0.16,81.25,229.68,87,109.1,8.84,9.5,24.46,28.92,12.132,3.3172,3.5,4.48
Center,FIRST ROUND,0.17,81.25,229.76,87,109.2,8.8925,9.5,24.52,29,12.0984,3.3096,3.4984,4.51
Center,FIRST ROUND,0.18,81.25,229.84,87,109.3,8.945,9.5,24.58,29,12.0936,3.3084,3.4936,4.54
Center,FIRST ROUND,0.19,81.25,229.92,87,109.4,8.9975,9.5,24.64,29,12.0888,3.3072,3.4888,4.57
Center,FIRST ROUND,0.2,81.25,230,87.1,109.5,9,9.56,24.7,29,12.084,3.306,3.484,4.6
Center,FIRST ROUND,0.21,81.35,230.72,87.205,109.5,9,9.623,24.76,29,12.0792,3.3048,3.4792,4.63
Center,FIRST ROUND,0.22,81.45,231.44,87.31,109.5,9,9.686,24.82,29,12.0744,3.3036,3.4744,4.66
Center,FIRST ROUND,0.23,81.55,232.16,87.415,109.5,9,9.749,24.88,29,12.0696,3.3024,3.4696,4.69
Center,FIRST ROUND,0.24,81.65,232.88,87.5,109.5,9,9.8,24.94,29,12.0648,3.3012,3.4648,4.72
Center,FIRST ROUND,0.25,81.75,233.6,87.5,109.5,9,9.8,25,29,12.06,3.3,3.46,4.75
Center,FIRST ROUND,0.26,81.8,234.4,87.5,109.5,9,9.8,25.12,29.12,12.0348,3.2868,3.4576,4.78
Center,FIRST ROUND,0.27,81.85,235.2,87.5,109.5,9,9.8,25.24,29.24,12.0096,3.2736,3.4552,4.81
Center,FIRST ROUND,0.28,81.9,236,87.5,109.5,9,9.8,25.36,29.36,11.9844,3.2604,3.4528,4.84
Center,FIRST ROUND,0.29,81.95,236.8,87.5225,109.5,9,9.818,25.48,29.48,11.9592,3.2472,3.4504,4.87
Center,FIRST ROUND,0.3,82,237.6,87.575,109.5,9,9.86,25.6,29.6,11.934,3.234,3.448,4.9
Center,FIRST ROUND,0.31,82,237.88,87.6275,109.5,9,9.902,25.72,29.72,11.9088,3.2208,3.4456,4.93
Center,FIRST ROUND,0.32,82,238.16,87.68,109.5,9,9.944,25.84,29.84,11.8836,3.2076,3.4432,4.96
Center,FIRST ROUND,0.33,82,238.44,87.7325,109.5,9,9.986,25.96,29.96,11.8584,3.1944,3.4408,4.99
Center,FIRST ROUND,0.34,82,238.72,87.75,109.5,9,10,26,30.04,11.8476,3.1844,3.4368,5.04
Center,FIRST ROUND,0.35,82,239,87.75,109.5,9,10,26,30.1,11.844,3.176,3.432,5.1
Center,FIRST ROUND,0.36,82,239.68,87.75,109.6,9,10,26,30.16,11.8404,3.1676,3.4272,5.16
Center,FIRST ROUND,0.37,82,240.36,87.75,109.7,9,10,26,30.22,11.8368,3.1592,3.4224,5.22
Center,FIRST ROUND,0.38,82,241.04,87.75,109.8,9,10,26,30.28,11.8332,3.1508,3.4176,5.28
Center,FIRST ROUND,0.39,82,241.72,87.845,109.9,9.0475,10,26,30.34,11.8296,3.1424,3.4128,5.34
Center,FIRST ROUND,0.4,82,242.4,87.95,110,9.1,10,26,30.4,11.826,3.134,3.408,5.4
Center,FIRST ROUND,0.41,82.05,242.4,88.055,110.2,9.1525,10,26,30.46,11.8224,3.1256,3.4032,5.46
Center,FIRST ROUND,0.42,82.1,242.4,88.16,110.4,9.205,10,26,30.56,11.82,3.12,3.3956,5.52
Center,FIRST ROUND,0.43,82.15,242.4,88.2575,110.6,9.25,10,26,30.74,11.82,3.12,3.3824,5.58
Center,FIRST ROUND,0.44,82.2,242.4,88.31,110.8,9.25,10,26,30.92,11.82,3.12,3.3692,5.64
Center,FIRST ROUND,0.45,82.25,242.4,88.3625,111,9.25,10,26,31.1,11.82,3.12,3.356,5.7
Center,FIRST ROUND,0.46,82.35,242.52,88.415,111.1,9.25,10,26,31.28,11.82,3.12,3.3428,5.76
Center,FIRST ROUND,0.47,82.45,242.64,88.4675,111.2,9.25,10,26,31.46,11.82,3.12,3.3296,5.82
Center,FIRST ROUND,0.48,82.55,242.76,88.5,111.3,9.27,10,26,31.64,11.82,3.12,3.3164,5.88
Center,FIRST ROUND,0.49,82.65,242.88,88.5,111.4,9.3225,10,26,31.82,11.82,3.12,3.3032,5.94
Center,FIRST ROUND,0.5,82.75,243,88.5,111.5,9.375,10,26,32,11.82,3.12,3.29,6
Center,FIRST ROUND,0.51,82.76,243.12,88.5,111.5,9.4275,10,26.3,32.12,11.8176,3.108,3.2828,6.06
Center,FIRST ROUND,0.52,82.77,243.24,88.5,111.5,9.48,10,26.6,32.24,11.8152,3.096,3.2756,6.12
Center,FIRST ROUND,0.53,82.78,243.36,88.5325,111.5,9.5,10,26.9,32.36,11.8128,3.084,3.2684,6.18
Center,FIRST ROUND,0.54,82.79,243.48,88.585,111.5,9.5,10,27.2,32.48,11.8104,3.072,3.2612,6.24
Center,FIRST ROUND,0.55,82.8,243.6,88.6375,111.5,9.5,10,27.5,32.6,11.808,3.06,3.254,6.3
Center,FIRST ROUND,0.56,82.89,244.44,88.69,111.5,9.5,10,27.8,32.72,11.8056,3.048,3.2468,6.36
Center,FIRST ROUND,0.57,82.98,245.28,88.7425,111.5,9.5,10,28.1,32.84,11.8032,3.036,3.2396,6.42
Center,FIRST ROUND,0.58,83.07,246.12,88.795,111.5,9.5,10.054,28.4,32.96,11.8008,3.024,3.2324,6.48
Center,FIRST ROUND,0.59,83.16,246.96,88.8475,111.5,9.5,10.117,28.7,33.2,11.7992,3.0184,3.2284,6.54
Center,FIRST ROUND,0.6,83.25,247.8,88.9,111.5,9.5,10.18,29,33.5,11.798,3.016,3.226,6.6
Center,FIRST ROUND,0.61,83.36,248,88.9525,111.7,9.5,10.243,29.3,33.8,11.7968,3.0136,3.2236,6.66
Center,FIRST ROUND,0.62,83.47,248.2,89.005,111.9,9.5,10.3,29.6,34.1,11.7956,3.0112,3.2212,6.72
Center,FIRST ROUND,0.63,83.58,248.4,89.0575,112.1,9.5,10.3,29.9,34.4,11.7944,3.0088,3.2188,6.78
Center,FIRST ROUND,0.64,83.69,248.6,89.11,112.3,9.5,10.3,30.2,34.7,11.7932,3.0064,3.2164,6.84
Center,FIRST ROUND,0.65,83.8,248.8,89.1625,112.5,9.5,10.3,30.5,35,11.792,3.004,3.214,6.9
Center,FIRST ROUND,0.66,83.84,249.6,89.215,112.5,9.5,10.3,30.8,35.3,11.7908,3.0016,3.2116,6.96
Center,FIRST ROUND,0.67,83.88,250.4,89.3025,112.5,9.5,10.3,31.02,35.52,11.7764,3,3.2096,7.09
Center,FIRST ROUND,0.68,83.92,251.2,89.46,112.5,9.5,10.3,31.08,35.58,11.7356,3,3.2084,7.36
Center,FIRST ROUND,0.69,83.96,252,89.6175,112.5,9.5,10.3,31.14,35.64,11.6948,3,3.2072,7.63
Center,FIRST ROUND,0.7,84,252.8,89.775,112.5,9.5,10.3,31.2,35.7,11.654,3,3.206,7.9
Center,FIRST ROUND,0.71,84.05,253.14,89.9325,112.6,9.5,10.3,31.26,35.76,11.6132,3,3.2048,8.17
Center,FIRST ROUND,0.72,84.1,253.48,90.06,112.7,9.5,10.324,31.32,35.82,11.5724,3,3.2036,8.44
Center,FIRST ROUND,0.73,84.15,253.82,90.165,112.8,9.5,10.366,31.38,35.88,11.5316,3,3.2024,8.71
Center,FIRST ROUND,0.74,84.2,254.16,90.27,112.9,9.5,10.408,31.44,35.94,11.4908,3,3.2012,8.98
Center,FIRST ROUND,0.75,84.25,254.5,90.375,113,9.5,10.45,31.5,36,11.45,3,3.2,9.25
Center,FIRST ROUND,0.76,84.25,254.8,90.48,113.2,9.5,10.492,31.62,36.12,11.438,3,3.1904,9.52
Center,FIRST ROUND,0.77,84.25,255.1,90.5425,113.4,9.5,10.5,31.74,36.24,11.426,3,3.1808,9.79
Center,FIRST ROUND,0.78,84.25,255.4,90.595,113.6,9.5,10.5,31.86,36.36,11.414,3,3.1712,10.06
Center,FIRST ROUND,0.79,84.25,255.7,90.6475,113.8,9.5,10.5,31.98,36.48,11.402,3,3.1616,10.33
Center,FIRST ROUND,0.8,84.25,256,90.7,114,9.5,10.5,32.1,36.6,11.39,3,3.152,10.6
Center,FIRST ROUND,0.81,84.3,256.7,90.7505,114.2,9.5025,10.5,32.22,36.72,11.378,3,3.1424,10.87
Center,FIRST ROUND,0.82,84.35,257.4,90.761,114.4,9.555,10.5,32.34,36.84,11.366,3,3.1328,11.14
Center,FIRST ROUND,0.83,84.4,258.1,90.7715,114.6,9.6075,10.5,32.46,36.96,11.354,3,3.1232,11.41
Center,FIRST ROUND,0.84,84.45,258.8,90.782,114.8,9.66,10.5,32.78,37.12,11.3372,2.9992,3.1104,11.68
Center,FIRST ROUND,0.85,84.5,259.5,90.7925,115,9.7125,10.5,33.2,37.3,11.318,2.998,3.096,11.95
Center,FIRST ROUND,0.86,84.55,260.16,90.827,115,9.75,10.518,33.62,37.48,11.2988,2.9968,3.0816,12.22
Center,FIRST ROUND,0.87,84.6,260.82,90.9215,115,9.75,10.581,34.04,37.66,11.2796,2.9956,3.0672,12.49
Center,FIRST ROUND,0.88,84.65,261.48,91.016,115,9.75,10.644,34.46,37.84,11.2604,2.9944,3.0528,12.76
Center,FIRST ROUND,0.89,84.7,262.14,91.1105,115,9.75,10.707,34.88,38.02,11.2412,2.9932,3.0384,13.03
Center,FIRST ROUND,0.9,84.75,262.8,91.205,115,9.75,10.77,35.3,38.2,11.222,2.992,3.024,13.3
Center,FIRST ROUND,0.91,84.96,266.64,91.3875,115,9.7775,10.822,35.72,38.38,11.2028,2.9908,3.0096,13.57
Center,FIRST ROUND,0.92,85.17,270.48,91.65,115,9.83,10.864,36.04,38.6,11.1812,2.9868,3,13.84
Center,FIRST ROUND,0.93,85.38,274.32,91.9125,115,9.8825,10.906,36.16,38.9,11.1548,2.9772,3,14.11
Center,FIRST ROUND,0.94,85.59,278.16,92.175,115,9.935,10.948,36.28,39.2,11.1284,2.9676,3,14.38
Center,FIRST ROUND,0.95,85.8,282,92.4375,115,9.9875,10.99,36.4,39.5,11.102,2.958,3,14.65
Center,FIRST ROUND,0.96,86.2,285.4,92.868,115.4,10,11,36.52,39.8,11.0756,2.9484,3,14.92
Center,FIRST ROUND,0.97,86.6,288.8,93.351,115.8,10,11,36.64,40.1,11.0492,2.9388,3,15.19
Center,FIRST ROUND,0.98,87,292.2,93.834,116.2,10,11,36.76,40.4,11.0228,2.9292,3,15.46
Center,FIRST ROUND,0.99,87.4,295.6,94.317,116.6,10,11,36.88,40.7,10.9964,2.9196,3,15.73
Center,LOTTERY,0,80.3,208,83,104.5,8.5,7.8,22.5,25,12.52,3.5,3.62,4
Center,LOTTERY,0.01,80.3,209.288,83.56,104.92,8.5,7.856,22.875,25.5,12.5125,3.495,3.595,4.3
Center,LOTTERY,0.02,80.3,210.576,84.12,105.34,8.5,7.912,23.25,26,12.505,3.49,3.57,4.6
Center,LOTTERY,0.03,80.3,211.864,84.68,105.76,8.5,7.968,23.625,26.5,12.4975,3.485,3.545,4.9
Center,LOTTERY,0.04,80.324,213.608,85,106,8.56,8.12,24,27,12.49,3.48,3.52,5.2
Center,LOTTERY,0.05,80.38,215.96,85,106,8.7,8.4,24,27.5,12.415,3.455,3.5175,5.5
Center,LOTTERY,0.06,80.436,218.312,85,106,8.84,8.68,24,28,12.34,3.43,3.515,5.8
Center,LOTTERY,0.07,80.492,220.664,85,106,8.98,8.96,24,28.5,12.265,3.405,3.5125,6.1
Center,LOTTERY,0.08,80.56,221.192,85.06,106.12,9,9,24,29,12.19,3.38,3.51,6.4
Center,LOTTERY,0.09,80.63,221.416,85.13,106.26,9,9,24.125,29.125,12.1625,3.38,3.5075,6.7
Center,LOTTERY,0.1,80.7,221.64,85.2,106.4,9,9,24.25,29.25,12.135,3.38,3.505,7
Center,LOTTERY,0.11,80.75,221.816,85.25,106.54,9,9.024,24.375,29.375,12.1075,3.38,3.5025,7.3
Center,LOTTERY,0.12,80.75,221.872,85.25,106.68,9,9.108,24.5,29.5,12.08,3.38,3.5,7.6
Center,LOTTERY,0.13,80.75,221.928,85.25,106.82,9,9.192,24.875,29.5,12.065,3.3675,3.5,7.9
Center,LOTTERY,0.14,80.75,221.984,85.25,106.96,9,9.276,25.25,29.5,12.05,3.355,3.5,8.2
Center,LOTTERY,0.15,80.8,222.28,85.3,107.1,9,9.34,25.625,29.5,12.035,3.3425,3.5,8.5
Center,LOTTERY,0.16,80.87,222.672,85.37,107.24,9,9.396,26,29.5,12.02,3.33,3.5,8.8
Center,LOTTERY,0.17,80.94,223.064,85.44,107.38,9,9.452,26,29.625,12.015,3.3225,3.5,9.1
Center,LOTTERY,0.18,81,223.672,85.51,107.5,9,9.5,26,29.75,12.01,3.315,3.5,9.4
Center,LOTTERY,0.19,81,225.576,85.58,107.5,9,9.5,26,29.875,12.005,3.3075,3.5,9.7
Center,LOTTERY,0.2,81,227.48,85.65,107.5,9,9.5,26,30,12,3.3,3.5,10
Center,LOTTERY,0.21,81,229.384,85.72,107.5,9,9.5,26.125,30,11.975,3.2975,3.5,10.05
Center,LOTTERY,0.22,81,230.552,85.79,107.58,9,9.5,26.25,30,11.95,3.295,3.5,10.1
Center,LOTTERY,0.23,81,231.168,85.86,107.72,9,9.5,26.375,30,11.925,3.2925,3.5,10.15
Center,LOTTERY,0.24,81,231.784,85.93,107.86,9,9.5,26.5,30,11.9,3.29,3.5,10.2
Center,LOTTERY,0.25,81,232.4,86,108,9,9.5,26.5,30.125,11.9,3.28,3.4925,10.25
Center,LOTTERY,0.26,81,232.512,86,108.14,9,9.5,26.5,30.25,11.9,3.27,3.485,10.3
Center,LOTTERY,0.27,81,232.624,86,108.28,9,9.5,26.5,30.375,11.9,3.26,3.4775,10.35
Center,LOTTERY,0.28,81,232.736,86,108.42,9,9.5,26.5,30.5,11.9,3.25,3.47,10.4
Center,LOTTERY,0.29,81,232.944,86,108.5,9,9.536,26.625,30.625,11.8875,3.2425,3.4625,10.45
Center,LOTTERY,0.3,81,233.28,86,108.5,9,9.62,26.75,30.75,11.875,3.235,3.455,10.5
Center,LOTTERY,0.31,81,233.616,86,108.5,9,9.704,26.875,30.875,11.8625,3.2275,3.4475,10.55
Center,LOTTERY,0.32,81,233.952,86,108.5,9,9.788,27,31,11.85,3.22,3.44,10.6
Center,LOTTERY,0.33,81.06,234.624,86.06,108.5,9,9.8,27,31.125,11.8375,3.215,3.4375,10.65
Center,LOTTERY,0.34,81.13,235.352,86.13,108.5,9,9.8,27,31.25,11.825,3.21,3.435,10.7
Center,LOTTERY,0.35,81.2,236.08,86.2,108.5,9,9.8,27,31.375,11.8125,3.205,3.4325,10.75
Center,LOTTERY,0.36,81.27,236.616,86.27,108.5,9,9.8,27,31.5,11.8,3.2,3.43,10.8
Center,LOTTERY,0.37,81.34,236.672,86.34,108.5,9,9.8,27.125,31.5,11.79,3.1975,3.43,10.85
Center,LOTTERY,0.38,81.41,236.728,86.41,108.5,9,9.8,27.25,31.5,11.78,3.195,3.43,10.9
Center,LOTTERY,0.39,81.48,236.784,86.48,108.5,9,9.8,27.375,31.5,11.77,3.1925,3.43,10.95
Center,LOTTERY,0.4,81.6,236.84,86.5,108.6,9,9.84,27.5,31.5,11.76,3.19,3.43,11
Center,LOTTERY,0.41,81.74,236.896,86.5,108.74,9,9.896,27.5,31.75,11.755,3.1825,3.4225,11.05
Center,LOTTERY,0.42,81.88,236.952,86.5,108.88,9,9.952,27.5,32,11.75,3.175,3.415,11.1
Center,LOTTERY,0.43,82.01,237.112,86.5,109.04,9,10,27.5,32.25,11.745,3.1675,3.4075,11.15
Center,LOTTERY,0.44,82.08,237.896,86.5,109.32,9,10,27.5,32.5,11.74,3.16,3.4,11.2
Center,LOTTERY,0.45,82.15,238.68,86.5,109.6,9,10,27.625,32.625,11.7325,3.16,3.3725,11.25
Center,LOTTERY,0.46,82.22,239.464,86.5,109.88,9,10,27.75,32.75,11.725,3.16,3.345,11.3
Center,LOTTERY,0.47,82.258,239.896,86.54,110,9,10,27.875,32.875,11.7175,3.16,3.3175,11.35
Center,LOTTERY,0.48,82.272,240.064,86.61,110,9,10,28,33,11.71,3.16,3.29,11.4
Center,LOTTERY,0.49,82.286,240.232,86.68,110,9,10,28,33,11.695,3.15,3.2875,11.45
Center,LOTTERY,0.5,82.3,240.4,86.75,110,9,10,28,33,11.68,3.14,3.285,11.5
Center,LOTTERY,0.51,82.3,240.736,86.75,110,9,10,28,33,11.665,3.13,3.2825,11.55
Center,LOTTERY,0.52,82.3,241.072,86.75,110,9,10,28,33,11.65,3.12,3.28,11.6
Center,LOTTERY,0.53,82.3,241.408,86.75,110,9,10,28.25,33.125,11.6475,3.115,3.2775,11.65
Center,LOTTERY,0.54,82.324,241.744,86.78,110,9,10,28.5,33.25,11.645,3.11,3.275,11.7
Center,LOTTERY,0.55,82.38,242.08,86.85,110,9,10,28.75,33.375,11.6425,3.105,3.2725,11.75
Center,LOTTERY,0.56,82.436,242.416,86.92,110,9,10,29,33.5,11.64,3.1,3.27,11.8
Center,LOTTERY,0.57,82.492,242.752,86.99,110,9,10,29,33.5,11.6375,3.0875,3.265,11.85
Center,LOTTERY,0.58,82.5,242.896,87.06,110.12,9.06,10,29,33.5,11.635,3.075,3.26,11.9
Center,LOTTERY,0.59,82.5,243.008,87.13,110.26,9.13,10,29,33.5,11.6325,3.0625,3.255,11.95
Center,LOTTERY,0.6,82.5,243.12,87.2,110.4,9.2,10,29,33.5,11.63,3.05,3.25,12
Center,LOTTERY,0.61,82.52,243.296,87.25,110.5,9.25,10,29.125,33.5,11.62,3.0475,3.24,12.05
Center,LOTTERY,0.62,82.59,243.632,87.25,110.5,9.25,10,29.25,33.5,11.61,3.045,3.23,12.1
Center,LOTTERY,0.63,82.66,243.968,87.25,110.5,9.25,10,29.375,33.5,11.6,3.0425,3.22,12.15
Center,LOTTERY,0.64,82.73,244.304,87.25,110.5,9.25,10,29.5,33.5,11.59,3.04,3.21,12.2
Center,LOTTERY,0.65,82.75,244.56,87.25,110.5,9.25,10.06,29.5,33.625,11.5725,3.0375,3.21,12.25
Center,LOTTERY,0.66,82.75,244.784,87.25,110.5,9.25,10.144,29.5,33.75,11.555,3.035,3.21,12.3
Center,LOTTERY,0.67,82.75,245.008,87.25,110.5,9.25,10.228,29.5,33.875,11.5375,3.0325,3.21,12.35
Center,LOTTERY,0.68,82.752,245.24,87.252,110.52,9.25,10.3,29.5,34,11.52,3.03,3.21,12.4
Center,LOTTERY,0.69,82.766,245.52,87.266,110.66,9.25,10.3,29.625,34.375,11.51,3.0225,3.2075,12.45
Center,LOTTERY,0.7,82.78,245.8,87.28,110.8,9.25,10.3,29.75,34.75,11.5,3.015,3.205,12.5
Center,LOTTERY,0.71,82.794,246.08,87.294,110.94,9.25,10.3,29.875,35.125,11.49,3.0075,3.2025,12.55
Center,LOTTERY,0.72,82.832,246.552,87.38,111,9.25,10.3,30,35.5,11.48,3,3.2,12.6
Center,LOTTERY,0.73,82.888,247.168,87.52,111,9.25,10.3,30.125,35.625,11.475,3,3.1825,12.65
Center,LOTTERY,0.74,82.944,247.784,87.66,111,9.25,10.3,30.25,35.75,11.47,3,3.165,12.7
Center,LOTTERY,0.75,83,248.4,87.8,111,9.25,10.3,30.375,35.875,11.465,3,3.1475,12.75
Center,LOTTERY,0.76,83.07,248.904,87.856,111.28,9.25,10.3,30.5,36,11.46,3,3.13,12.8
Center,LOTTERY,0.77,83.14,249.408,87.912,111.56,9.25,10.3,30.5,36,11.45,3,3.12,12.85
Center,LOTTERY,0.78,83.21,249.912,87.968,111.84,9.25,10.3,30.5,36,11.44,3,3.11,12.9
Center,LOTTERY,0.79,83.256,250.44,88,112,9.25,10.324,30.5,36,11.43,3,3.1,12.95
Center,LOTTERY,0.8,83.27,251,88,112,9.25,10.38,30.5,36,11.42,3,3.09,13
Center,LOTTERY,0.81,83.284,251.56,88,112,9.25,10.436,31.125,36.125,11.39,3,3.08,13
Center,LOTTERY,0.82,83.298,252.12,88,112,9.25,10.492,31.75,36.25,11.36,3,3.07,13
Center,LOTTERY,0.83,83.468,252.728,88.18,112,9.25,10.5,32.375,36.375,11.33,3,3.06,13
Center,LOTTERY,0.84,83.664,253.344,88.39,112,9.25,10.5,33,36.5,11.3,3,3.05,13
Center,LOTTERY,0.85,83.86,253.96,88.6,112,9.25,10.5,33,36.625,11.3,3,3.0375,13
Center,LOTTERY,0.86,84.02,254.608,88.79,112.04,9.25,10.5,33,36.75,11.3,3,3.025,13
Center,LOTTERY,0.87,84.09,255.336,88.93,112.18,9.25,10.5,33,36.875,11.3,3,3.0125,13
Center,LOTTERY,0.88,84.16,256.064,89.07,112.32,9.25,10.5,33,37,11.3,3,3,13
Center,LOTTERY,0.89,84.23,256.792,89.21,112.46,9.25,10.5,33.5,37.625,11.2975,3,3,13
Center,LOTTERY,0.9,84.35,257,89.4,112.6,9.3,10.56,34,38.25,11.295,3,3,13
Center,LOTTERY,0.91,84.49,257,89.61,112.74,9.37,10.644,34.5,38.875,11.2925,3,3,13
Center,LOTTERY,0.92,84.63,257,89.82,112.88,9.44,10.728,35,39.5,11.29,3,3,13
Center,LOTTERY,0.93,84.76,257.232,90.01,113.06,9.5,10.8,35,39.625,11.28,2.985,3,13
Center,LOTTERY,0.94,84.83,258.856,90.08,113.48,9.5,10.8,35,39.75,11.27,2.97,3,13
Center,LOTTERY,0.95,84.9,260.48,90.15,113.9,9.5,10.8,35,39.875,11.26,2.955,3,13
Center,LOTTERY,0.96,84.97,262.104,90.22,114.32,9.5,10.8,35,40,11.25,2.94,3,13
Center,LOTTERY,0.97,85.32,263.088,90.37,114.66,9.58,10.88,35.5,41.125,11.1875,2.935,3,13
Center,LOTTERY,0.98,85.88,263.592,90.58,114.94,9.72,11.02,36,42.25,11.125,2.93,3,13
Center,LOTTERY,0.99,86.44,264.096,90.79,115.22,9.86,11.16,36.5,43.375,11.0625,2.925,3,13
Forward,FIRST ROUND,0,74.75,178.4,77.25,98.5,8,8.3,23.5,26.5,12.28,3.46,3.59,1
Forward,FIRST ROUND,0.01,75.7625,184.46,79.05,99.5,8,8.3,23.895,28.87,12.2563,3.3775,3.5663,1.81
Forward,FIRST ROUND,0.02,76.025,185.88,80.025,99.55,8.025,8.3,24.29,29.79,12.192,3.34,3.5252,2.62
Forward,FIRST ROUND,0.03,76.2875,189.33,80.25,100,8.25,8.3,24.685,30.37,12.0686,3.3275,3.4852,3.43
Forward,FIRST ROUND,0.04,76.5,194.84,80.26,100.1,8.25,8.34,25,31.08,11.9252,3.32,3.46,4.08
Forward,FIRST ROUND,0.05,76.5,195.9,80.35,100.625,8.25,8.5,25,31.475,11.9015,3.305,3.46,4.35
Forward,FIRST ROUND,0.06,76.5,196.44,80.5,101,8.25,8.5,25.37,31.5,11.8852,3.3,3.4526,4.62
Forward,FIRST ROUND,0.07,76.5,197.42,80.5,101.175,8.25,8.605,25.765,31.765,11.8588,3.3,3.4288,4.89
Forward,FIRST ROUND,0.08,76.5,198.36,80.6,101.5,8.25,8.8,26.16,32,11.8208,3.3,3.4004,5
Forward,FIRST ROUND,0.09,76.6125,198.78,80.75,101.725,8.25,8.8,26.555,32,11.7756,3.2925,3.38,5
Forward,FIRST ROUND,0.1,76.75,199.3,80.75,102,8.375,8.8,26.95,32,11.744,3.285,3.38,5
Forward,FIRST ROUND,0.11,76.8875,199.6,80.7775,102,8.5,8.8,27,32,11.7124,3.2775,3.38,5
Forward,FIRST ROUND,0.12,77.15,199.72,80.92,102,8.5,8.8,27,32,11.6904,3.27,3.3752,5
Forward,FIRST ROUND,0.13,77.25,200.19,81,102,8.5,8.8,27,32.135,11.6746,3.27,3.37,5
Forward,FIRST ROUND,0.14,77.25,201.24,81,102,8.5,8.94,27,32.56,11.6594,3.26,3.3682,5
Forward,FIRST ROUND,0.15,77.25,202.65,81,102.375,8.5,9,27,33.35,11.6515,3.2475,3.3445,5
Forward,FIRST ROUND,0.16,77.29,203.32,81.2,102.5,8.5,9,27,33.5,11.5604,3.24,3.34,5
Forward,FIRST ROUND,0.17,77.47,205.44,81.25,102.5,8.5,9,27,33.5,11.4971,3.2325,3.3357,5
Forward,FIRST ROUND,0.18,77.5,205.98,81.295,102.5,8.5,9,27,33.61,11.4734,3.225,3.33,5
Forward,FIRST ROUND,0.19,77.5,207.14,81.49,102.975,8.5,9,27.005,34,11.45,3.22,3.33,5
Forward,FIRST ROUND,0.2,77.5,208.2,81.5,103,8.5,9,27.4,34,11.45,3.22,3.33,5
Forward,FIRST ROUND,0.21,77.75,208.41,81.5,103,8.5,9,27.5,34,11.4323,3.1975,3.3241,5
Forward,FIRST ROUND,0.22,77.755,208.62,81.525,103,8.5,9,27.5,34.19,11.3972,3.17,3.32,5
Forward,FIRST ROUND,0.23,77.8,208.8,81.75,103,8.5,9,27.5,34.5,11.36,3.15,3.32,5
Forward,FIRST ROUND,0.24,77.84,208.88,81.75,103,8.5,9,27.5,34.5,11.36,3.15,3.32,5
Forward,FIRST ROUND,0.25,78,209.3,81.75,103.125,8.5,9,27.5,34.5,11.3375,3.1425,3.3125,5
Forward,FIRST ROUND,0.26,78,209.84,81.825,103.5,8.5,9.09,27.77,34.5,11.3138,3.14,3.31,5.02
Forward,FIRST ROUND,0.27,78,210.54,82,103.5,8.5,9.3,28,34.665,11.2901,3.14,3.3067,5.29
Forward,FIRST ROUND,0.28,78,211.36,82.1,103.7,8.5,9.3,28,35,11.2676,3.14,3.3,5.56
Forward,FIRST ROUND,0.29,78.1125,212.29,82.25,104,8.5,9.3,28,35,11.2518,3.11,3.3,5.83
Forward,FIRST ROUND,0.3,78.25,212.5,82.25,104,8.5,9.3,28,35,11.222,3.1,3.3,6.1
Forward,FIRST ROUND,0.31,78.25,212.71,82.2775,104,8.5,9.3,28.245,35.245,11.21,3.1,3.2951,6.37
Forward,FIRST ROUND,0.32,78.25,213.28,82.3,104,8.65,9.3,28.5,35.5,11.21,3.1,3.29,6.64
Forward,FIRST ROUND,0.33,78.2825,213.6,82.5925,104.325,8.75,9.3,28.5,35.5,11.2093,3.0925,3.2893,6.91
Forward,FIRST ROUND,0.34,78.3,213.88,82.925,104.5,8.75,9.3,28.5,35.5,11.2014,3.09,3.2814,7.18
Forward,FIRST ROUND,0.35,78.45,214.45,83,104.5,8.75,9.3,28.5,35.5,11.2,3.085,3.28,7.45
Forward,FIRST ROUND,0.36,78.5,214.92,83,104.5,8.75,9.46,28.72,35.5,11.1868,3.07,3.28,7.72
Forward,FIRST ROUND,0.37,78.5,215,83,104.5,8.75,9.5,29,35.5,11.1677,3.0625,3.2777,7.99
Forward,FIRST ROUND,0.38,78.5,215.9,83,104.5,8.75,9.5,29,35.5,11.1598,3.055,3.27,8
Forward,FIRST ROUND,0.39,78.5,216.76,83.2375,104.5,8.75,9.5,29,35.5,11.1519,3.05,3.27,8
Forward,FIRST ROUND,0.4,78.5,216.8,83.25,104.5,8.75,9.5,29,35.5,11.15,3.05,3.27,8
Forward,FIRST ROUND,0.41,78.5125,217.43,83.5,105,8.75,9.5,29,35.695,11.1422,3.0425,3.27,8
Forward,FIRST ROUND,0.42,78.75,218.02,83.5,105,8.75,9.5,29,36,11.13,3.04,3.27,8
Forward,FIRST ROUND,0.43,78.75,218.26,83.5,105,8.75,9.5,29,36,11.13,3.035,3.27,8
Forward,FIRST ROUND,0.44,78.75,218.6,83.5,105,8.75,9.5,29,36,11.1148,3.02,3.2624,8
Forward,FIRST ROUND,0.45,78.7625,218.8,83.5625,105,8.75,9.5,29.275,36,11.11,3.02,3.26,8
Forward,FIRST ROUND,0.46,78.86,219.61,83.75,105.15,8.75,9.5,29.5,36,11.1066,3.01,3.2566,8
Forward,FIRST ROUND,0.47,79,220.135,83.75,105.5,8.75,9.5,29.5,36,11.1,3,3.25,8
Forward,FIRST ROUND,0.48,79,220.2,83.75,105.5,8.75,9.5,29.5,36,11.1,3,3.25,8
Forward,FIRST ROUND,0.49,79.1125,220.29,83.75,105.5,8.75,9.5,29.5,36,11.1,3,3.25,8.23
Forward,FIRST ROUND,0.5,79.25,220.7,83.775,105.5,8.75,9.5,29.5,36.25,11.095,3,3.25,8.5
Forward,FIRST ROUND,0.51,79.3875,221.22,83.91,105.775,8.75,9.5,29.5,36.5,11.0871,3,3.2471,8.77
Forward,FIRST ROUND,0.52,79.5,221.64,84,106,8.75,9.5,29.5,36.5,11.08,3,3.24,9.04
Forward,FIRST ROUND,0.53,79.5,221.8,84,106,8.75,9.5,29.5,36.5,11.08,3,3.24,9.31
Forward,FIRST ROUND,0.54,79.5,222.22,84,106,8.925,9.5,29.83,36.5,11.047,3,3.2268,9.58
Forward,FIRST ROUND,0.55,79.5,222.55,84,106,9,9.5,30,36.5,11.0255,3,3.22,9.85
Forward,FIRST ROUND,0.56,79.5,222.76,84,106.4,9,9.74,30,36.5,11.0152,3,3.2176,10
Forward,FIRST ROUND,0.57,79.7125,223.65,84,106.5,9,9.8,30.015,36.5,11,3,3.2097,10
Forward,FIRST ROUND,0.58,79.75,223.8,84,106.5,9,9.8,30.41,36.5,11,3,3.2018,10
Forward,FIRST ROUND,0.59,79.75,224.18,84.2375,106.5,9,9.8,30.5,36.5,11,2.9975,3.2,10
Forward,FIRST ROUND,0.6,79.75,224.6,84.25,106.5,9,9.8,30.5,36.5,11,2.99,3.2,10
Forward,FIRST ROUND,0.61,79.75,225.21,84.2625,106.5,9,9.8,30.5,36.595,11,2.99,3.2,10
Forward,FIRST ROUND,0.62,79.755,225.46,84.5,106.55,9,9.8,30.5,36.99,11,2.99,3.2,10
Forward,FIRST ROUND,0.63,79.8,226.06,84.5,107,9,9.8,30.5,37,11,2.9875,3.2,10
Forward,FIRST ROUND,0.64,79.84,226.44,84.5,107,9,9.8,30.78,37,10.9944,2.98,3.2,10
Forward,FIRST ROUND,0.65,80,226.75,84.5625,107,9,9.85,31,37.175,10.99,2.9725,3.2,10
Forward,FIRST ROUND,0.66,80,227.86,84.75,107.15,9,10,31,37.5,10.9858,2.97,3.2,10
Forward,FIRST ROUND,0.67,80,229.645,84.7675,107.5,9,10,31,37.5,10.9621,2.9675,3.2,10.09
Forward,FIRST ROUND,0.68,80,230.22,84.88,107.5,9,10,31,37.5,10.9456,2.96,3.1928,10.36
Forward,FIRST ROUND,0.69,80.1125,230.49,85,107.5,9,10,31,37.5,10.94,2.9525,3.1849,10.63
Forward,FIRST ROUND,0.7,80.25,230.7,85,107.5,9,10,31,37.65,10.931,2.945,3.18,10.9
Forward,FIRST ROUND,0.71,80.25,231.02,85.1375,107.5,9,10,31,38,10.9082,2.94,3.1773,11.17
Forward,FIRST ROUND,0.72,80.25,231.68,85.4,107.5,9,10,31,38,10.8924,2.94,3.1536,11.44
Forward,FIRST ROUND,0.73,80.25,232.13,85.5,107.5,9,10,31.335,38,10.89,2.94,3.15,11.71
Forward,FIRST ROUND,0.74,80.25,232.34,85.675,107.5,9,10,31.73,38,10.89,2.935,3.1454,11.98
Forward,FIRST ROUND,0.75,80.2875,232.85,85.75,107.5,9,10,32,38,10.8875,2.93,3.135,12
Forward,FIRST ROUND,0.76,80.3,233.8,85.95,107.9,9,10,32,38,10.878,2.93,3.12,12
Forward,FIRST ROUND,0.77,80.47,234,86,108,9,10,32,38,10.8385,2.915,3.12,12
Forward,FIRST ROUND,0.78,80.725,234.36,86,108,9,10,32.31,38,10.8238,2.91,3.12,12.06
Forward,FIRST ROUND,0.79,80.75,234.97,86,108,9,10,32.5,38,10.8159,2.9075,3.12,12.33
Forward,FIRST ROUND,0.8,80.75,236.8,86,108,9.25,10,32.6,38.1,10.81,2.9,3.12,12.6
Forward,FIRST ROUND,0.81,80.81,238.215,86.25,108,9.25,10.015,32.995,38.495,10.81,2.9,3.12,12.87
Forward,FIRST ROUND,0.82,81,238.51,86.25,108,9.25,10.3,33,38.5,10.7788,2.895,3.1044,13.14
Forward,FIRST ROUND,0.83,81,238.6,86.25,108,9.25,10.3,33,38.785,10.7586,2.8875,3.0943,13.41
Forward,FIRST ROUND,0.84,81,238.72,86.25,108.1,9.25,10.3,33,39,10.7392,2.88,3.0828,13.68
Forward,FIRST ROUND,0.85,81.0625,239.45,86.3125,108.5,9.25,10.3,33,39,10.717,2.85,3.0685,13.95
Forward,FIRST ROUND,0.86,81.25,240.5,86.575,108.65,9.25,10.3,33,39,10.7012,2.83,3.0606,14
Forward,FIRST ROUND,0.87,81.25,241.27,86.75,109,9.25,10.3,33.365,39,10.7,2.8175,3.0527,14
Forward,FIRST ROUND,0.88,81.25,241.56,86.85,109,9.25,10.3,33.76,39.26,10.6948,2.81,3.024,14
Forward,FIRST ROUND,0.89,81.3625,241.89,87,109.225,9.25,10.3,34,39.5,10.6745,2.8025,3,14.03
Forward,FIRST ROUND,0.9,81.625,243.8,87,109.5,9.25,10.4,34,39.5,10.64,2.8,3,14.3
Forward,FIRST ROUND,0.91,81.8875,245.93,87,109.5,9.25,10.5,34,39.5,10.64,2.8,3,14.57
Forward,FIRST ROUND,0.92,82,246.56,87,109.5,9.25,10.5,34,39.84,10.6196,2.8,3,14.84
Forward,FIRST ROUND,0.93,82.1625,246.995,87.1625,109.825,9.25,10.5,34.235,40.235,10.6006,2.8,3,15.44
Forward,FIRST ROUND,0.94,82.25,248.15,87.25,110,9.425,10.5,34.63,40.5,10.5874,2.795,3,16.52
Forward,FIRST ROUND,0.95,82.4375,249.425,87.25,110.375,9.5,10.5,35,40.5,10.579,2.7825,3,17.6
Forward,FIRST ROUND,0.96,82.5,251.38,87.45,110.5,9.5,10.74,35,40.5,10.5632,2.76,3,18.68
Forward,FIRST ROUND,0.97,82.7125,252.14,87.5,110.5,9.5,10.8,35.63,41.13,10.56,2.76,3,19.19
Forward,FIRST ROUND,0.98,83.2,253.64,87.95,110.5,9.725,10.8,36.63,42.13,10.539,2.74,3,19.46
Forward,FIRST ROUND,0.99,83.725,256.08,88,110.975,9.75,10.99,37.605,43,10.489,2.61,3,19.73
Forward,LOTTERY,0,75.5,179.2,77,99.5,8,8.3,23.5,28,12.94,3.53,3.57,0
Forward,LOTTERY,0.01,76,187.672,78.225,100,8,8.3,24.53,29.03,12.7094,3.5012,3.53,0
Forward,LOTTERY,0.02,76,188.288,79.25,100.18,8,8.372,25,29.56,12.6976,3.4816,3.5288,0
Forward,LOTTERY,0.03,76,189.448,79.277,100.5,8,8.5,25,30.09,12.671,3.4008,3.5182,0
Forward,LOTTERY,0.04,76,190.576,79.444,100.5,8,8.5,25.12,30.62,12.594,3.3816,3.5076,0
Forward,LOTTERY,0.05,76.45,191.52,79.725,100.5,8.225,8.5,25.65,31,12.456,3.38,3.497,0
Forward,LOTTERY,0.06,76.5,191.696,80,101,8.25,8.524,26,31,12.3352,3.3572,3.49,0.8
Forward,LOTTERY,0.07,76.5,192.904,80,101.13,8.25,8.8,26,31.21,12.2074,3.3212,3.4858,1.6
Forward,LOTTERY,0.08,76.5,193.904,80,101.5,8.25,8.8,26,31.5,12.19,3.3032,3.4752,2.2
Forward,LOTTERY,0.09,76.5,195.296,80.155,101.5,8.25,8.8,26.27,31.77,12.1144,3.3,3.4646,2.6
Forward,LOTTERY,0.1,76.5,195.76,80.65,101.5,8.45,8.8,26.5,32,12.02,3.3,3.448,3
Forward,LOTTERY,0.11,76.745,195.996,80.995,101.99,8.5,8.8,26.5,32,12,3.2944,3.44,3.4
Forward,LOTTERY,0.12,76.75,196.632,81,102,8.5,8.8,26.5,32,11.9424,3.2848,3.4328,3.8
Forward,LOTTERY,0.13,76.75,196.868,81,102,8.5,8.868,26.5,32,11.9044,3.28,3.43,4
Forward,LOTTERY,0.14,76.75,197.624,81.13,102,8.5,9,26.92,32,11.8916,3.2712,3.4048,4
Forward,LOTTERY,0.15,76.925,198.34,81.25,102,8.5,9,27,32,11.854,3.256,3.382,4
Forward,LOTTERY,0.16,77,198.576,81.25,102.44,8.5,9,27,32,11.8308,3.25,3.38,4.4
Forward,LOTTERY,0.17,77.015,201.284,81.28,102.5,8.5,9,27,32.01,11.8196,3.25,3.37,4.8
Forward,LOTTERY,0.18,77.25,202.696,81.75,102.5,8.5,9,27,32.5,11.7968,3.25,3.37,5
Forward,LOTTERY,0.19,77.25,203,81.75,102.71,8.5,9,27,32.5,11.7544,3.2476,3.37,5
Forward,LOTTERY,0.2,77.28,203.12,81.75,103,8.5,9,27.1,32.5,11.716,3.238,3.368,5
Forward,LOTTERY,0.21,77.3,203.824,81.789,103,8.5,9,27.5,32.5,11.6974,3.23,3.36,5
Forward,LOTTERY,0.22,77.492,204.576,81.8,103,8.5,9,27.5,32.66,11.6772,3.23,3.36,5
Forward,LOTTERY,0.23,77.5,204.856,82,103,8.5,9,27.5,33,11.6462,3.23,3.36,5
Forward,LOTTERY,0.24,77.5,205.2,82,103,8.5,9,27.72,33,11.64,3.2296,3.3556,5
Forward,LOTTERY,0.25,77.5,205.5,82,103,8.5,9,28,33,11.635,3.22,3.345,5
Forward,LOTTERY,0.26,77.5,206.072,82,103,8.5,9,28,33,11.6188,3.2104,3.34,5.4
Forward,LOTTERY,0.27,77.5,206.2,82,103,8.5,9,28.31,33,11.6038,3.21,3.3338,5.8
Forward,LOTTERY,0.28,77.51,206.4,82.01,103.5,8.5,9,28.5,33,11.5796,3.21,3.33,6.2
Forward,LOTTERY,0.29,77.75,206.884,82.261,103.5,8.5,9,28.5,33,11.5478,3.2016,3.3226,6.6
Forward,LOTTERY,0.3,77.75,208.68,82.38,103.5,8.6,9.12,28.5,33.4,11.532,3.2,3.32,7
Forward,LOTTERY,0.31,77.75,209.148,82.5,103.5,8.75,9.3,28.5,33.5,11.5128,3.2,3.32,7.4
Forward,LOTTERY,0.32,77.75,209.552,82.69,103.5,8.75,9.3,28.5,33.5,11.4916,3.2,3.3108,7.8
Forward,LOTTERY,0.33,77.75,210.916,82.75,103.5,8.75,9.3,28.5,33.5,11.4802,3.2,3.3002,8
Forward,LOTTERY,0.34,77.75,211.424,82.75,103.5,8.75,9.3,28.52,34,11.48,3.2,3.3,8
Forward,LOTTERY,0.35,77.765,211.6,82.75,103.5,8.75,9.3,29,34.05,11.479,3.194,3.3,8
Forward,LOTTERY,0.36,77.896,211.6,82.75,103.5,8.75,9.3,29,34.5,11.4684,3.1844,3.3,8
Forward,LOTTERY,0.37,78,211.864,82.915,103.83,8.75,9.3,29,34.61,11.4534,3.1748,3.2978,8
Forward,LOTTERY,0.38,78,212.168,83,104,8.75,9.3,29,35,11.43,3.17,3.29,8.2
Forward,LOTTERY,0.39,78,212.8,83,104,8.75,9.3,29,35,11.4266,3.17,3.29,8.6
Forward,LOTTERY,0.4,78,213,83,104,8.75,9.3,29.2,35,11.412,3.162,3.29,9
Forward,LOTTERY,0.41,78.095,213.876,83.095,104.19,8.75,9.3,29.5,35,11.3954,3.15,3.2854,9
Forward,LOTTERY,0.42,78.25,214,83.25,104.5,8.75,9.3,29.5,35,11.39,3.15,3.28,9
Forward,LOTTERY,0.43,78.25,214.296,83.25,104.5,8.75,9.3,29.5,35,11.3842,3.1472,3.2742,9
Forward,LOTTERY,0.44,78.296,214.584,83.25,104.5,8.75,9.3,29.5,35,11.3736,3.14,3.27,9
Forward,LOTTERY,0.45,78.5,215.52,83.255,104.5,8.75,9.3,29.5,35,11.363,3.138,3.263,9
Forward,LOTTERY,0.46,78.5,216.768,83.356,104.5,8.75,9.3,29.5,35,11.3524,3.13,3.26,9
Forward,LOTTERY,0.47,78.5,217.66,83.5,104.5,8.75,9.3,29.91,35,11.35,3.1288,3.26,9
Forward,LOTTERY,0.48,78.5,218.328,83.5,104.82,8.75,9.428,30,35.44,11.306,3.12,3.2512,9
Forward,LOTTERY,0.49,78.5,218.564,83.705,105,8.955,9.5,30,35.5,11.2906,3.1192,3.25,9
Forward,LOTTERY,0.5,78.75,218.6,83.75,105,9,9.5,30,35.5,11.28,3.1,3.25,9
Forward,LOTTERY,0.51,78.759,218.672,83.759,105,9,9.5,30.03,35.5,11.28,3.1,3.25,9.8
Forward,LOTTERY,0.52,78.872,219.072,83.8,105,9,9.5,30.5,35.56,11.2788,3.0908,3.25,10.6
Forward,LOTTERY,0.53,79,219.416,83.908,105,9,9.5,30.5,36,11.2682,3.09,3.25,11
Forward,LOTTERY,0.54,79,219.6,84,105,9,9.5,30.5,36,11.26,3.0816,3.25,11
Forward,LOTTERY,0.55,79,219.6,84,105,9,9.5,30.5,36,11.26,3.08,3.247,11
Forward,LOTTERY,0.56,79,219.832,84,105.04,9,9.5,30.68,36,11.2564,3.08,3.24,11.4
Forward,LOTTERY,0.57,79,220.252,84.065,105.5,9,9.5,31,36,11.2458,3.0728,3.2358,11.8
Forward,LOTTERY,0.58,79,220.576,84.25,105.5,9,9.5,31,36,11.24,3.07,3.2252,12
Forward,LOTTERY,0.59,79.155,221.296,84.25,105.5,9,9.5,31,36,11.24,3.0572,3.2146,12
Forward,LOTTERY,0.6,79.25,221.6,84.25,105.9,9,9.5,31,36,11.24,3.05,3.21,12
Forward,LOTTERY,0.61,79.25,222.776,84.25,106,9,9.5,31,36.33,11.2268,3.05,3.21,12
Forward,LOTTERY,0.62,79.25,223.096,84.258,106,9,9.548,31,36.5,11.2056,3.0448,3.2028,12
Forward,LOTTERY,0.63,79.25,223.668,84.368,106,9,9.8,31,36.5,11.2,3.04,3.2,12
Forward,LOTTERY,0.64,79.25,223.8,84.5,106,9,9.8,31,36.5,11.2,3.04,3.2,12
Forward,LOTTERY,0.65,79.25,223.8,84.5,106,9,9.8,31,36.5,11.182,3.036,3.2,12
Forward,LOTTERY,0.66,79.294,224.328,84.5,106,9,9.8,31,36.5,11.18,3.03,3.2,12.4
Forward,LOTTERY,0.67,79.5,228.06,84.765,106.5,9,9.8,31.5,36.51,11.16,3.03,3.1898,12.8
Forward,LOTTERY,0.68,79.5,229.048,85,106.5,9,9.8,31.5,37,11.16,3.03,3.18,13
Forward,LOTTERY,0.69,79.5,229.452,85,106.5,9,9.8,31.5,37,11.1586,3.0252,3.18,13
Forward,LOTTERY,0.7,79.5,230.04,85.15,106.5,9,9.8,31.5,37,11.15,3.008,3.18,13
Forward,LOTTERY,0.71,79.695,230.2,85.25,106.5,9,9.8,31.5,37,11.1474,3,3.1774,13
Forward,LOTTERY,0.72,79.75,230.2,85.25,106.5,9,9.8,31.5,37.16,11.14,3,3.17,13
Forward,LOTTERY,0.73,79.785,230.2,85.5,107,9,9.8,31.5,37.5,11.1286,3,3.17,13
Forward,LOTTERY,0.74,80,230.392,85.5,107,9,9.864,31.5,37.5,11.1056,3,3.17,13
Forward,LOTTERY,0.75,80.125,231,85.5,107,9,10,31.5,37.5,11.095,3,3.17,13
Forward,LOTTERY,0.76,80.25,231.608,85.67,107,9,10,31.78,37.5,11.0732,3,3.17,13.8
Forward,LOTTERY,0.77,80.25,231.972,85.75,107,9.215,10,32,37.81,11.0352,3,3.1638,14.6
Forward,LOTTERY,0.78,80.25,232,85.752,107.02,9.25,10,32,38,11.02,3,3.1532,15
Forward,LOTTERY,0.79,80.261,232.352,85.844,107.5,9.25,10,32,38,11.02,3,3.15,15
Forward,LOTTERY,0.8,80.38,233.92,86,107.5,9.25,10,32,38,11.004,3,3.134,15
Forward,LOTTERY,0.81,80.5,235.56,86,107.5,9.25,10,32.43,38,11,2.9924,3.1042,15
Forward,LOTTERY,0.82,80.69,237.008,86,107.88,9.25,10,32.5,38,11,2.99,3.1,15
Forward,LOTTERY,0.83,80.75,237.576,86,108,9.25,10,32.5,38,11,2.9832,3.1,15
Forward,LOTTERY,0.84,80.75,238,86,108,9.25,10,32.52,38.5,10.9896,2.9672,3.08,15
Forward,LOTTERY,0.85,80.75,238.18,86,108,9.25,10,33,38.55,10.979,2.96,3.079,15
Forward,LOTTERY,0.86,80.75,239.176,86.12,108.24,9.25,10,33,39,10.9652,2.9488,3.0684,15
Forward,LOTTERY,0.87,80.783,240.328,86.25,108.5,9.25,10.198,33,39.11,10.9312,2.9244,3.0556,15
Forward,LOTTERY,0.88,80.968,241.272,86.46,108.5,9.25,10.3,33,39.5,10.8944,2.9052,3.04,15.2
Forward,LOTTERY,0.89,81,242.404,86.505,109,9.25,10.3,33,39.67,10.863,2.9,3.0332,15.6
Forward,LOTTERY,0.9,81.05,242.64,86.8,109,9.25,10.3,33.2,40,10.83,2.892,3.012,16
Forward,LOTTERY,0.91,81.25,242.876,87.095,109,9.25,10.3,33.5,40,10.8024,2.8764,3,16
Forward,LOTTERY,0.92,81.25,245.688,87.25,109,9.25,10.3,33.76,40.26,10.7596,2.8668,3,16
Forward,LOTTERY,0.93,81.287,248.688,87.25,109,9.435,10.3,34,40.5,10.7442,2.8516,3,16
Forward,LOTTERY,0.94,81.484,249.552,87.48,109.46,9.5,10.484,34.32,40.5,10.7144,2.8276,3,16
Forward,LOTTERY,0.95,81.525,252.5,88.275,110,9.5,10.5,34.85,40.85,10.651,2.806,3,16
Forward,LOTTERY,0.96,81.89,253.568,88.57,110,9.5,10.5,35.38,41.38,10.63,2.7356,3,16.8
Forward,LOTTERY,0.97,82.503,254.184,88.98,110,9.5,10.5,35.91,41.91,10.63,2.6564,3,17.6
Forward,LOTTERY,0.98,83.248,259.776,89.25,110.32,9.66,10.692,36.44,42,10.586,2.6252,3,18.2
Forward,LOTTERY,0.99,84.115,265.834,89.865,112.14,9.955,10.964,36.97,42.94,10.4578,2.5668,3,18.6
Guard,FIRST ROUND,0,70.25,0,70.75,89.5,7.5,7.5,24.5,29.5,12.13,3.7,4,0
Guard,FIRST ROUND,0.01,71.0375,167.104,75.0125,93.025,7.51,8.012,25.22,30.58,12.0377,3.566,3.645,0.24
Guard,FIRST ROUND,0.02,71.75,169.696,75.25,93.7,7.75,8.3,25.5,31.22,11.9454,3.4694,3.4706,0.48
Guard,FIRST ROUND,0.03,71.7875,171.328,75.2575,95.575,7.78,8.324,25.58,31.66,11.8661,3.4095,3.4261,0.72
Guard,FIRST ROUND,0.04,72.1,175.584,75.34,96.1,8,8.5,25.94,32.38,11.8448,3.376,3.4048,0.96
Guard,FIRST ROUND,0.05,72.5,177.64,75.625,96.5,8,8.5,26.3,32.8,11.708,3.3495,3.367,1
Guard,FIRST ROUND,0.06,72.5,177.944,76,96.5,8,8.5,26.66,33,11.587,3.3294,3.3348,1
Guard,FIRST ROUND,0.07,72.5,178.848,76.0875,96.675,8,8.5,27,33.02,11.5515,3.3093,3.3206,1
Guard,FIRST ROUND,0.08,72.5,180,76.47,97,8,8.5,27,33.38,11.5364,3.2928,3.32,1
Guard,FIRST ROUND,0.09,72.6125,180.324,76.89,97,8,8.5,27.24,33.74,11.5027,3.2791,3.32,1
Guard,FIRST ROUND,0.1,72.875,181.1,77,97,8,8.5,27.5,34,11.459,3.259,3.318,1
Guard,FIRST ROUND,0.11,73.1375,181.444,77.1375,97,8,8.5,27.5,34,11.4519,3.2389,3.3038,1
Guard,FIRST ROUND,0.12,73.28,181.548,77.4,97.3,8,8.5,27.82,34,11.424,3.2196,3.2948,1
Guard,FIRST ROUND,0.13,73.625,182.224,77.5,97.5,8,8.5,28,34,11.3954,3.2129,3.2877,1.12
Guard,FIRST ROUND,0.14,73.94,182.912,77.85,97.5,8,8.5,28,34,11.3812,3.2062,3.2806,1.36
Guard,FIRST ROUND,0.15,74,183.12,78,97.5,8,8.5,28,34,11.341,3.2,3.28,1.6
Guard,FIRST ROUND,0.16,74,183.968,78.2,97.5,8.16,8.5,28,34.26,11.3128,3.2,3.2764,1.84
Guard,FIRST ROUND,0.17,74,184.536,78.25,97.925,8.25,8.5,28.24,34.5,11.2979,3.2,3.27,2
Guard,FIRST ROUND,0.18,74.225,184.744,78.475,98,8.25,8.5,28.96,34.5,11.2766,3.1982,3.27,2
Guard,FIRST ROUND,0.19,74.25,184.952,78.5,98,8.25,8.5,29,34.5,11.2651,3.1781,3.27,2
Guard,FIRST ROUND,0.2,74.25,185.32,78.75,98,8.25,8.5,29,34.7,11.25,3.166,3.27,2
Guard,FIRST ROUND,0.21,74.31,185.736,78.75,98.025,8.25,8.5,29,35,11.2145,3.1586,3.27,2
Guard,FIRST ROUND,0.22,74.5,185.976,78.755,98.5,8.25,8.5,29,35,11.21,3.1452,3.27,2
Guard,FIRST ROUND,0.23,74.5,186.736,78.83,98.5,8.25,8.776,29,35.28,11.2067,3.14,3.2667,2
Guard,FIRST ROUND,0.24,74.5,186.992,79,98.5,8.25,8.8,29,35.5,11.1984,3.1392,3.26,2
Guard,FIRST ROUND,0.25,74.5,187,79,98.5,8.25,8.8,29,35.5,11.17,3.1325,3.26,2
Guard,FIRST ROUND,0.26,74.65,187.248,79,98.5,8.25,8.8,29,35.5,11.16,3.13,3.26,2.24
Guard,FIRST ROUND,0.27,75,188.416,79.0875,98.675,8.25,8.8,29,35.5,11.1549,3.1291,3.2583,2.48
Guard,FIRST ROUND,0.28,75,188.648,79.25,99,8.25,8.8,29,35.5,11.1336,3.1224,3.2512,2.72
Guard,FIRST ROUND,0.29,75,189,79.25,99,8.25,8.8,29,35.5,11.13,3.12,3.25,2.96
Guard,FIRST ROUND,0.3,75,189.04,79.25,99.25,8.25,8.8,29.3,35.5,11.127,3.119,3.244,3.2
Guard,FIRST ROUND,0.31,75.1375,189.344,79.25,99.5,8.25,8.8,29.5,35.5,11.12,3.1123,3.23,3.44
Guard,FIRST ROUND,0.32,75.25,189.8,79.25,99.5,8.25,8.8,29.5,35.52,11.12,3.11,3.23,3.68
Guard,FIRST ROUND,0.33,75.25,189.864,79.25,99.5,8.25,8.8,29.5,35.88,11.1071,3.1089,3.2257,3.92
Guard,FIRST ROUND,0.34,75.25,190,79.425,99.5,8.25,8.872,29.5,36,11.0886,3.1022,3.22,4.16
Guard,FIRST ROUND,0.35,75.25,190.08,79.5,99.875,8.25,9,29.5,36,11.0815,3.1,3.22,4.4
Guard,FIRST ROUND,0.36,75.45,190.464,79.5,100,8.25,9,29.5,36,11.0688,3.1,3.22,4.64
Guard,FIRST ROUND,0.37,75.5,190.896,79.5,100,8.25,9,29.692,36,11.0492,3.1,3.22,4.88
Guard,FIRST ROUND,0.38,75.5,191.208,79.5,100,8.25,9,29.872,36,11.0208,3.0954,3.22,5.12
Guard,FIRST ROUND,0.39,75.5,191.96,79.5,100,8.39,9,30,36,11.0062,3.0874,3.2131,5.36
Guard,FIRST ROUND,0.4,75.5,192.76,79.5,100,8.5,9,30,36,11,3.074,3.21,5.6
Guard,FIRST ROUND,0.41,75.5,193,79.75,100.5,8.5,9,30,36,11,3.07,3.21,5.84
Guard,FIRST ROUND,0.42,75.5,193.68,79.75,100.5,8.5,9,30,36.12,11,3.0672,3.21,6.08
Guard,FIRST ROUND,0.43,75.5,194.144,79.7575,100.5,8.5,9,30,36.48,11,3.0538,3.2047,6.32
Guard,FIRST ROUND,0.44,75.55,194.352,79.8,100.5,8.5,9,30.34,36.5,11,3.0452,3.2,6.56
Guard,FIRST ROUND,0.45,75.75,194.56,79.85,100.5,8.5,9,30.5,36.5,11,3.0385,3.2,6.8
Guard,FIRST ROUND,0.46,75.75,194.768,80,100.5,8.5,9,30.5,36.56,11,3.0318,3.1934,7
Guard,FIRST ROUND,0.47,75.7675,195.152,80,100.5,8.5,9,30.5,36.92,11,3.03,3.19,7
Guard,FIRST ROUND,0.48,75.88,195.2,80,100.7,8.5,9,30.5,37,11,3.03,3.1884,7
Guard,FIRST ROUND,0.49,76,195.2,80,101,8.5,9,30.5,37,11,3.03,3.1742,7
Guard,FIRST ROUND,0.5,76,195.6,80.125,101,8.5,9,30.5,37,11,3.03,3.17,7
Guard,FIRST ROUND,0.51,76,196.304,80.25,101,8.5,9,30.5,37,10.9937,3.0266,3.17,7.24
Guard,FIRST ROUND,0.52,76,196.4,80.25,101,8.5,9,30.72,37.22,10.9724,3.0132,3.17,7.48
Guard,FIRST ROUND,0.53,76,196.424,80.25,101,8.5,9,31,37.5,10.9637,3.0049,3.1637,7.72
Guard,FIRST ROUND,0.54,76,196.664,80.25,101,8.5,9,31,37.5,10.96,3,3.16,7.96
Guard,FIRST ROUND,0.55,76.1875,197.12,80.4375,101,8.5,9,31,37.5,10.9585,3,3.1595,8
Guard,FIRST ROUND,0.56,76.25,197.696,80.5,101,8.5,9,31,37.5,10.9372,3,3.1524,8
Guard,FIRST ROUND,0.57,76.25,198,80.5,101,8.5,9.084,31,37.5,10.9159,3,3.15,8
Guard,FIRST ROUND,0.58,76.25,198,80.77,101,8.5,9.3,31,37.5,10.8982,3,3.15,8
Guard,FIRST ROUND,0.59,76.25,198.216,80.8,101.475,8.5,9.3,31,37.74,10.8911,3,3.15,8
Guard,FIRST ROUND,0.6,76.25,198.92,81,101.5,8.5,9.3,31.1,38,10.884,3,3.144,8
Guard,FIRST ROUND,0.61,76.3,199.928,81,101.5,8.5,9.3,31.46,38,10.8769,3,3.14,8
Guard,FIRST ROUND,0.62,76.3,200.792,81,101.5,8.5,9.3,31.5,38,10.87,3,3.1398,8
Guard,FIRST ROUND,0.63,76.3,201.52,81.0375,101.5,8.5,9.3,31.5,38,10.87,3,3.1327,8.12
Guard,FIRST ROUND,0.64,76.3,202,81.25,101.5,8.5,9.3,31.5,38,10.8568,3,3.13,8.36
Guard,FIRST ROUND,0.65,76.35,202.24,81.25,101.625,8.5,9.3,31.5,38,10.84,3,3.1285,8.6
Guard,FIRST ROUND,0.66,76.5,202.912,81.25,102,8.5,9.3,31.5,38.26,10.84,3,3.1214,8.84
Guard,FIRST ROUND,0.67,76.5,203.472,81.25,102,8.5,9.3,31.62,38.5,10.8286,3,3.1143,9.08
Guard,FIRST ROUND,0.68,76.5,203.744,81.25,102,8.5,9.3,31.98,38.5,10.82,2.9888,3.11,9.32
Guard,FIRST ROUND,0.69,76.5,203.8,81.25,102,8.5,9.452,32,38.5,10.82,2.9777,3.11,9.56
Guard,FIRST ROUND,0.7,76.5,203.96,81.25,102,8.5,9.5,32,38.7,10.82,2.971,3.11,9.8
Guard,FIRST ROUND,0.71,76.5,204.504,81.3875,102,8.71,9.5,32,39,10.8159,2.9643,3.1059,10
Guard,FIRST ROUND,0.72,76.5,204.6,81.5,102,8.75,9.5,32,39,10.8076,2.9576,3.0988,10
Guard,FIRST ROUND,0.73,76.5,204.784,81.5,102.325,8.75,9.5,32,39,10.7934,2.9509,3.0917,10
Guard,FIRST ROUND,0.74,76.5,204.992,81.5,102.5,8.75,9.5,32,39,10.7792,2.9384,3.0846,10
Guard,FIRST ROUND,0.75,76.5,205.2,81.5,102.5,8.75,9.5,32,39,10.77,2.93,3.08,10
Guard,FIRST ROUND,0.76,76.5,205.844,81.7,102.5,8.75,9.5,32.36,39,10.77,2.93,3.08,10.48
Guard,FIRST ROUND,0.77,76.5,207.052,81.9625,102.5,8.75,9.5,32.5,39,10.7633,2.9241,3.08,10.96
Guard,FIRST ROUND,0.78,76.5,208.848,82,102.5,8.75,9.5,32.5,39.08,10.7562,2.92,3.0762,11.44
Guard,FIRST ROUND,0.79,76.7375,209.2,82,102.5,8.75,9.5,32.5,39.44,10.75,2.92,3.0673,11.92
Guard,FIRST ROUND,0.8,76.75,209.36,82,103,8.75,9.5,32.8,39.8,10.75,2.92,3.046,12
Guard,FIRST ROUND,0.81,76.7625,210,82,103,8.75,9.5,33,40.16,10.7347,2.92,3.04,12
Guard,FIRST ROUND,0.82,77.025,210.168,82.025,103,8.75,9.5,33,40.5,10.7134,2.92,3.0334,12
Guard,FIRST ROUND,0.83,77.25,210.664,82.25,103,8.75,9.596,33,40.5,10.6921,2.92,3.0121,12
Guard,FIRST ROUND,0.84,77.25,211.016,82.26,103.1,8.75,9.8,33,40.74,10.6836,2.9172,3.0036,12
Guard,FIRST ROUND,0.85,77.25,211.8,82.3,103.5,8.85,9.8,33,41.1,10.68,2.9105,3,12
Guard,FIRST ROUND,0.86,77.25,212.488,82.36,103.5,9,9.8,33,41.46,10.68,2.91,3,12
Guard,FIRST ROUND,0.87,77.25,212.792,82.5,103.5,9,9.8,33,41.5,10.68,2.9013,3,12
Guard,FIRST ROUND,0.88,77.27,213,82.5,103.7,9,9.8,33.18,41.5,10.6608,2.8812,3,12.12
Guard,FIRST ROUND,0.89,77.39,213.112,82.725,104,9,9.8,33.5,41.54,10.6381,2.8737,3,12.36
Guard,FIRST ROUND,0.9,77.5,213.26,83.25,104,9,9.8,33.5,41.9,10.631,2.861,3,12.6
Guard,FIRST ROUND,0.91,77.6375,213.876,83.5,104,9,9.8,33.5,42,10.6117,2.8409,3,12.84
Guard,FIRST ROUND,0.92,77.78,214.608,83.8,104,9,9.936,33.74,42,10.5968,2.84,3,13.16
Guard,FIRST ROUND,0.93,77.8,215.952,84,104,9,10,34.46,42,10.5879,2.8307,3,13.64
Guard,FIRST ROUND,0.94,77.8,216.552,84,104,9,10,34.5,42,10.5382,2.8106,3,14.12
Guard,FIRST ROUND,0.95,77.8,216.76,84,104.75,9,10,34.5,42,10.475,2.8035,3,14.6
Guard,FIRST ROUND,0.96,77.96,217.136,84.6,105,9,10,34.56,42,10.4024,2.784,3,15.04
Guard,FIRST ROUND,0.97,78,218.08,84.75,105.425,9,10,34.92,42,10.3243,2.7505,3,15.28
Guard,FIRST ROUND,0.98,78.225,218.936,84.75,105.95,9,10,35.84,43.12,10.2868,2.5586,3,15.52
Guard,FIRST ROUND,0.99,78.2975,226.872,86.175,106,9.24,10,37.9,45.12,10.1917,1.6482,3,15.76
Guard,LOTTERY,0,68.25,149.2,70,88.5,7.5,7.5,22,28,12.62,3.44,3.61,0
Guard,LOTTERY,0.01,68.8325,160.418,73.7775,88.665,7.5,7.533,23.01,28.505,12.0189,3.4304,3.48,0.36
Guard,LOTTERY,0.02,69.5,164.68,74.055,90.66,7.5,7.844,24.01,29.03,11.9096,3.4116,3.45,0.72
Guard,LOTTERY,0.03,69.9125,168.526,74.3325,93,7.5,8.099,24.5,30.515,11.8867,3.4012,3.44,1
Guard,LOTTERY,0.04,70.75,170.176,74.61,93.22,7.61,8.3,24.52,31,11.7772,3.3328,3.43,1
Guard,LOTTERY,0.05,70.8875,171.39,74.7775,93.5,7.75,8.3,25,31.025,11.707,3.288,3.41,1
Guard,LOTTERY,0.06,71,172.332,74.932,93.83,7.915,8.3,25,31.5,11.6488,3.2724,3.4,1
Guard,LOTTERY,0.07,71.385,174.556,75,94.385,8,8.3,25,31.5,11.6258,3.2628,3.4,1
Guard,LOTTERY,0.08,71.5,175.904,75.22,94.5,8,8.3,25.04,31.54,11.57,3.26,3.4,1
Guard,LOTTERY,0.09,71.5,176.396,75.25,94.995,8,8.3,25.545,32.045,11.5682,3.2536,3.39,1.24
Guard,LOTTERY,0.1,72.025,177.22,75.275,95,8,8.5,26,32.5,11.547,3.244,3.35,1.6
Guard,LOTTERY,0.11,72.25,177.568,75.5525,95,8,8.5,26.055,32.5,11.5189,3.2344,3.35,1.96
Guard,LOTTERY,0.12,72.25,178.264,75.83,95,8,8.5,26.5,32.56,11.5064,3.2196,3.34,2
Guard,LOTTERY,0.13,72.2715,178.4,76,95.215,8,8.5,26.565,33,11.4787,3.21,3.34,2
Guard,LOTTERY,0.14,72.3,178.724,76,95.77,8,8.5,27,33,11.47,3.2056,3.34,2.04
Guard,LOTTERY,0.15,72.43,179.13,76,96,8,8.5,27,33.075,11.4655,3.2,3.33,2.4
Guard,LOTTERY,0.16,72.5,179.352,76.19,96,8,8.5,27.08,33.5,11.4368,3.2,3.32,2.76
Guard,LOTTERY,0.17,72.5,180.27,76.4675,96,8,8.5,27.5,33.5,11.4183,3.2,3.32,3.12
Guard,LOTTERY,0.18,72.745,180.4,76.5,96,8,8.5,27.5,33.5,11.41,3.1972,3.32,3.48
Guard,LOTTERY,0.19,72.7725,180.6,76.5225,96,8,8.5,27.5,33.5,11.4081,3.19,3.32,3.84
Guard,LOTTERY,0.2,73,180.64,76.8,96.1,8,8.5,27.5,33.5,11.4,3.188,3.31,4
Guard,LOTTERY,0.21,73,180.8,77.0775,96.5,8,8.5,27.605,33.605,11.4,3.1768,3.31,4
Guard,LOTTERY,0.22,73,180.968,77.25,96.5,8.105,8.5,28,34,11.3956,3.16,3.3,4
Guard,LOTTERY,0.23,73.1325,181.306,77.25,96.5,8.25,8.5,28,34,11.3754,3.16,3.3,4.28
Guard,LOTTERY,0.24,73.282,182.168,77.25,96.82,8.25,8.5,28,34,11.3552,3.16,3.28,4.64
Guard,LOTTERY,0.25,73.45,183.05,77.4375,97,8.25,8.5,28,34,11.34,3.16,3.28,5
Guard,LOTTERY,0.26,73.5,184.232,77.5,97,8.25,8.758,28,34,11.3374,3.16,3.28,5
Guard,LOTTERY,0.27,73.5,185.176,77.5,97,8.25,8.8,28.135,34,11.3273,3.1508,3.27,5
Guard,LOTTERY,0.28,73.5,185.816,77.5,97.5,8.25,8.8,28.5,34,11.3032,3.15,3.27,5
Guard,LOTTERY,0.29,73.5,186.057,77.5475,97.5,8.25,8.8,28.5,34.145,11.2542,3.1416,3.27,5
Guard,LOTTERY,0.3,73.5,186.39,77.75,97.65,8.25,8.8,28.5,34.5,11.228,3.132,3.27,5
Guard,LOTTERY,0.31,73.5,186.764,77.75,98,8.25,8.8,28.655,34.5,11.1907,3.13,3.27,5
Guard,LOTTERY,0.32,73.5,187,77.88,98,8.25,8.8,29,34.5,11.1636,3.13,3.27,5
Guard,LOTTERY,0.33,73.6575,187.882,78,98,8.25,8.8,29,34.665,11.15,3.13,3.27,5
Guard,LOTTERY,0.34,73.935,188.696,78,98,8.25,8.8,29,35,11.1466,3.1236,3.26,5.24
Guard,LOTTERY,0.35,74,189.14,78,98,8.25,8.8,29,35,11.133,3.12,3.26,5.6
Guard,LOTTERY,0.36,74,189.2,78,98.48,8.25,8.8,29,35,11.12,3.1144,3.25,5.96
Guard,LOTTERY,0.37,74.25,190.014,78,98.5,8.25,8.814,29.185,35,11.1163,3.11,3.25,6
Guard,LOTTERY,0.38,74.295,190.236,78.045,98.5,8.25,9,29.5,35.19,11.11,3.1052,3.25,6
Guard,LOTTERY,0.39,74.5,190.516,78.25,98.5,8.25,9,29.5,35.5,11.1061,3.1,3.25,6.04
Guard,LOTTERY,0.4,74.5,191.04,78.27,98.5,8.25,9,29.5,35.5,11.1,3.1,3.24,6.4
Guard,LOTTERY,0.41,74.5,191.604,78.402,98.5,8.25,9,29.705,35.5,11.0918,3.1,3.24,6.76
Guard,LOTTERY,0.42,74.5,191.8,78.5,98.81,8.25,9,30,35.5,11.0758,3.0968,3.24,7
Guard,LOTTERY,0.43,74.6825,192.092,78.5,99,8.25,9,30,35.715,11.07,3.0872,3.23,7
Guard,LOTTERY,0.44,74.75,192.368,78.5,99,8.25,9,30,36,11.07,3.08,3.23,7
Guard,LOTTERY,0.45,74.9875,192.4,78.785,99,8.25,9,30,36,11.07,3.08,3.22,7
Guard,LOTTERY,0.46,75,193.024,78.812,99.03,8.25,9,30,36,11.07,3.08,3.22,7
Guard,LOTTERY,0.47,75,193.4,79,99.5,8.25,9,30,36.235,11.0559,3.08,3.22,7
Guard,LOTTERY,0.48,75,193.512,79,99.5,8.25,9,30,36.5,11.0256,3.08,3.21,7
Guard,LOTTERY,0.49,75,193.878,79,99.5,8.25,9,30.245,36.5,11.0051,3.0796,3.2,7
Guard,LOTTERY,0.5,75,194.2,79.125,99.5,8.25,9,30.5,36.5,11,3.07,3.2,7
Guard,LOTTERY,0.51,75,194.522,79.25,99.5,8.25,9,30.5,36.5,11,3.0508,3.2,7.36
Guard,LOTTERY,0.52,75,195.032,79.25,99.5,8.25,9,30.5,36.5,11,3.0316,3.2,7.72
Guard,LOTTERY,0.53,75.2075,195.532,79.25,99.915,8.25,9,30.5,36.765,11,3.0212,3.2,8
Guard,LOTTERY,0.54,75.25,195.976,79.25,100,8.25,9.282,30.5,37,11,3.02,3.2,8
Guard,LOTTERY,0.55,75.25,196.2,79.2525,100,8.2625,9.3,30.5,37,11,3.02,3.2,8
Guard,LOTTERY,0.56,75.25,196.232,79.3,100,8.5,9.3,30.5,37,10.9888,3.02,3.19,8
Guard,LOTTERY,0.57,75.25,196.454,79.354,100,8.5,9.3,30.5,37,10.9743,3.0128,3.19,8
Guard,LOTTERY,0.58,75.25,196.752,79.5,100,8.5,9.3,30.5,37.29,10.9642,3.0032,3.19,8
Guard,LOTTERY,0.59,75.25,197,79.5,100,8.5,9.3,30.5,37.5,10.96,3,3.18,8
Guard,LOTTERY,0.6,75.28,197.12,79.5,100,8.5,9.3,30.5,37.5,10.96,3,3.18,8
Guard,LOTTERY,0.61,75.3,197.342,79.5,100,8.5,9.3,30.5,37.5,10.9539,3,3.18,8
Guard,LOTTERY,0.62,75.3,197.728,79.705,100.41,8.5,9.3,30.5,37.81,10.9438,3,3.18,8.32
Guard,LOTTERY,0.63,75.486,197.986,79.75,100.5,8.5,9.3,30.815,38,10.9337,3,3.18,8.68
Guard,LOTTERY,0.64,75.5,198.416,80,100.5,8.5,9.3,31,38,10.8916,3,3.17,9.04
Guard,LOTTERY,0.65,75.5375,198.8,80,100.5,8.5,9.3,31,38,10.8375,2.996,3.17,9.4
Guard,LOTTERY,0.66,75.75,198.904,80,100.5,8.5,9.3,31.66,38,10.82,2.9864,3.16,9.76
Guard,LOTTERY,0.67,75.75,199.274,80,100.5,8.5,9.3,32,38,10.82,2.98,3.16,10
Guard,LOTTERY,0.68,75.774,199.976,80,100.5,8.5,9.396,32,38.34,10.82,2.98,3.16,10
Guard,LOTTERY,0.69,75.918,200.718,80.1475,100.795,8.5,9.5,32,38.5,10.8131,2.98,3.15,10
Guard,LOTTERY,0.7,76,201.36,80.25,101,8.5,9.5,32.35,38.5,10.803,2.978,3.15,10
Guard,LOTTERY,0.71,76,201.6,80.2905,101,8.5,9.5,32.5,38.5,10.8,2.97,3.15,10
Guard,LOTTERY,0.72,76,201.784,80.484,101,8.5,9.5,32.5,38.5,10.8,2.9676,3.15,10
Guard,LOTTERY,0.73,76,202,80.75,101,8.5,9.5,32.5,38.865,10.7927,2.95,3.14,10.84
Guard,LOTTERY,0.74,76,202.056,80.75,101,8.5,9.5,32.5,39,10.7826,2.9492,3.14,11.92
Guard,LOTTERY,0.75,76.0625,202.5,80.75,101.125,8.5,9.5,32.5,39.375,10.78,2.93,3.13,13
Guard,LOTTERY,0.76,76.25,203.232,80.75,101.5,8.5,9.5,32.5,39.5,10.7724,2.93,3.12,13.36
Guard,LOTTERY,0.77,76.25,204.094,80.8675,101.5,8.5,9.5,32.5,39.885,10.7623,2.9208,3.12,13.72
Guard,LOTTERY,0.78,76.25,204.432,81,101.5,8.5,9.5,32.89,40,10.76,2.9112,3.11,14
Guard,LOTTERY,0.79,76.25,204.807,81,101.845,8.6725,9.5,33,40.395,10.76,2.9016,3.11,14
Guard,LOTTERY,0.8,76.25,205.46,81,102,8.75,9.5,33,40.5,10.736,2.9,3.11,14
Guard,LOTTERY,0.81,76.4775,205.6,81,102,8.75,9.5,33,40.5,10.73,2.9,3.1,14
Guard,LOTTERY,0.82,76.5,206.008,81,102,8.75,9.506,33,40.5,10.7218,2.8928,3.1,14
Guard,LOTTERY,0.83,76.5,206.4,81,102,8.75,9.8,33,40.5,10.7034,2.89,3.1,14
Guard,LOTTERY,0.84,76.5,206.448,81.06,102,8.75,9.8,33,40.5,10.6916,2.8836,3.1,14.24
Guard,LOTTERY,0.85,76.5,206.81,81.425,102.175,8.75,9.8,33,40.5,10.673,2.88,3.09,14.6
Guard,LOTTERY,0.86,76.5,207.2,81.865,102.5,8.75,9.8,33.43,40.93,10.6528,2.8744,3.09,14.96
Guard,LOTTERY,0.87,76.5,207.884,82.1425,102.5,8.75,9.8,33.5,41.435,10.5978,2.87,3.08,15
Guard,LOTTERY,0.88,76.67,209.488,82.25,102.5,8.75,9.8,33.5,41.5,10.59,2.8556,3.07,15
Guard,LOTTERY,0.89,76.75,210.316,82.4475,102.5,8.75,9.8,33.5,41.5,10.59,2.8312,3.07,15.04
Guard,LOTTERY,0.9,76.75,211.66,82.5,102.5,8.75,9.8,33.5,41.5,10.581,2.804,3.07,15.4
Guard,LOTTERY,0.91,76.7525,212.408,82.5025,103,8.7525,9.8,33.955,41.955,10.5618,2.7656,3.07,15.76
Guard,LOTTERY,0.92,77,213.416,82.75,103,9,9.8,34.46,42,10.5508,2.7272,3.06,16.12
Guard,LOTTERY,0.93,77.0575,215,82.8075,103,9,9.8,34.5,42.465,10.5314,2.6972,3.03,16.48
Guard,LOTTERY,0.94,77.25,215.136,83.085,103.17,9,9.868,34.5,42.5,10.53,2.678,3.02,16.84
Guard,LOTTERY,0.95,77.25,216.57,83.3625,103.5,9,10,35.45,42.975,10.492,2.63,3,17.4
Guard,LOTTERY,0.96,77.278,218.224,83.78,103.5,9,10,35.98,43.48,10.4804,2.574,3,18.12
Guard,LOTTERY,0.97,77.434,221.482,84,103.835,9,10,36.485,43.5,10.4606,2.4852,3,18.84
Guard,LOTTERY,0.98,77.695,223.624,84.39,104,9.195,10.234,37.48,43.99,10.4404,2.4484,3,19
Guard,LOTTERY,0.99,78.195,225.758,84.7225,104.445,9.25,10.3,37.5,44,10.4202,2.4288,3,19
Center,DRAFTED,0,79.25,206.4,83,104.5,8.5,7.8,22.5,25,12.85,3.61,3.62,4
Center,DRAFTED,0.01,79.7645,207.184,83.75,105.235,8.5,7.9,22.88,25.76,12.7246,3.5682,3.601,4
Center,DRAFTED,0.02,80.279,207.968,84.5,105.97,8.5,8,23.26,26.52,12.5992,3.5264,3.582,4
Center,DRAFTED,0.03,80.3,210.162,84.75,106,8.5,8.25,23.57,27.07,12.5172,3.4972,3.563,4
Center,DRAFTED,0.04,80.3,212.416,85,106,8.5,8.5,23.76,27.26,12.5096,3.4896,3.544,4
Center,DRAFTED,0.05,80.39,216.38,85,106.225,8.5,8.75,23.95,27.45,12.502,3.482,3.525,4
Center,DRAFTED,0.06,80.488,220.496,85,106.47,8.5,9,24,27.64,12.4972,3.4576,3.5172,4
Center,DRAFTED,0.07,80.6075,221.344,85.125,106.715,8.625,9,24,27.83,12.4934,3.4272,3.5134,4
Center,DRAFTED,0.08,80.73,221.736,85.25,106.96,8.75,9,24,28.04,12.478,3.3992,3.5096,4
Center,DRAFTED,0.09,80.75,221.882,85.25,107,8.75,9,24,28.42,12.364,3.3916,3.5058,4
Center,DRAFTED,0.1,80.75,221.98,85.25,107,8.75,9,24,28.8,12.25,3.384,3.502,4
Center,DRAFTED,0.11,80.8475,222.546,85.375,107.195,8.875,9,24.09,29,12.1738,3.38,3.5,4
Center,DRAFTED,0.12,80.97,223.232,85.5,107.44,9,9,24.28,29,12.1396,3.38,3.5,4.08
Center,DRAFTED,0.13,81,225.472,85.625,107.5,9,9.15,24.47,29,12.1054,3.38,3.5,4.17
Center,DRAFTED,0.14,81,228.216,85.75,107.5,9,9.3,24.5,29,12.0936,3.364,3.5,4.26
Center,DRAFTED,0.15,81,229.14,85.875,107.675,9,9.4,24.5,29,12.086,3.345,3.5,4.35
Center,DRAFTED,0.16,81,229.336,86,107.92,9,9.5,24.54,29.04,12.0784,3.3284,3.5,4.44
Center,DRAFTED,0.17,81,229.466,86,108.165,9,9.5,24.73,29.23,12.0708,3.3208,3.5,4.53
Center,DRAFTED,0.18,81,229.564,86,108.41,9,9.5,24.92,29.42,12.0632,3.3132,3.5,4.62
Center,DRAFTED,0.19,81,229.724,86,108.5,9,9.5,25.22,29.5,12.0512,3.3078,3.5,4.71
Center,DRAFTED,0.2,81,229.92,86,108.5,9,9.5,25.6,29.5,12.036,3.304,3.5,4.8
Center,DRAFTED,0.21,81,230.058,86,108.5,9,9.5,25.98,29.5,12.0208,3.3002,3.5,4.89
Center,DRAFTED,0.22,81,230.156,86,108.5,9,9.5,26,29.68,12.0128,3.3,3.5,4.98
Center,DRAFTED,0.23,81.0675,230.794,86.125,108.5,9,9.5,26,29.87,12.0052,3.3,3.5,5.14
Center,DRAFTED,0.24,81.19,231.872,86.25,108.5,9,9.5,26,30,11.988,3.2988,3.4964,5.32
Center,DRAFTED,0.25,81.25,232.5,86.375,108.5,9,9.5,26,30,11.95,3.295,3.485,5.5
Center,DRAFTED,0.26,81.25,232.696,86.5,108.5,9,9.5,26,30,11.912,3.2912,3.4736,5.68
Center,DRAFTED,0.27,81.25,232.984,86.5,108.615,9,9.65,26,30,11.9,3.2796,3.4674,5.86
Center,DRAFTED,0.28,81.25,233.376,86.5,108.86,9,9.8,26,30,11.9,3.2644,3.4636,6.04
Center,DRAFTED,0.29,81.25,233.684,86.5,109,9,9.8,26,30.01,11.899,3.2494,3.4596,6.22
Center,DRAFTED,0.3,81.25,233.88,86.5,109,9,9.8,26,30.2,11.88,3.238,3.452,6.4
Center,DRAFTED,0.31,81.2975,234.494,86.625,109,9,9.8,26,30.39,11.861,3.2266,3.4444,6.58
Center,DRAFTED,0.32,81.42,235.768,86.75,109,9,9.8,26.08,30.5,11.85,3.2168,3.44,6.76
Center,DRAFTED,0.33,81.5425,236.634,86.75,109.085,9,9.8,26.27,30.5,11.85,3.2092,3.44,6.94
Center,DRAFTED,0.34,81.665,236.732,86.75,109.33,9,9.8,26.46,30.5,11.85,3.2016,3.44,7.18
Center,DRAFTED,0.35,81.7875,236.83,86.75,109.5,9,9.8,26.5,30.65,11.841,3.197,3.437,7.45
Center,DRAFTED,0.36,81.91,236.928,86.75,109.5,9,9.8,26.5,30.84,11.8296,3.1932,3.4332,7.72
Center,DRAFTED,0.37,82,237.078,86.875,109.5,9,9.9,26.53,31.03,11.82,3.19,3.43,7.99
Center,DRAFTED,0.38,82,237.372,87,109.5,9,10,26.72,31.22,11.82,3.19,3.43,8.26
Center,DRAFTED,0.39,82,237.754,87,109.5,9,10,26.91,31.41,11.82,3.19,3.43,8.53
Center,DRAFTED,0.4,82,238.44,87,109.5,9,10,27,31.5,11.816,3.184,3.424,8.8
Center,DRAFTED,0.41,82,239.072,87,109.545,9,10,27,31.5,11.8084,3.1726,3.4126,9.07
Center,DRAFTED,0.42,82,239.464,87,109.79,9,10,27,31.5,11.8008,3.1612,3.4012,9.34
Center,DRAFTED,0.43,82.0175,239.842,87.125,110,9,10,27.17,31.67,11.8,3.16,3.4,9.61
Center,DRAFTED,0.44,82.14,240.136,87.25,110,9,10,27.36,31.86,11.8,3.16,3.4,9.88
Center,DRAFTED,0.45,82.25,240.46,87.25,110,9,10,27.5,32.05,11.799,3.156,3.389,10.05
Center,DRAFTED,0.46,82.25,241.048,87.25,110,9,10,27.5,32.24,11.7952,3.1408,3.3472,10.14
Center,DRAFTED,0.47,82.2515,241.624,87.25,110,9,10,27.5,32.43,11.7914,3.1256,3.3054,10.23
Center,DRAFTED,0.48,82.276,242.016,87.25,110,9,10,27.62,32.62,11.7828,3.12,3.29,10.32
Center,DRAFTED,0.49,82.3,242.4,87.275,110,9,10,27.81,32.81,11.7714,3.12,3.29,10.41
Center,DRAFTED,0.5,82.3,242.4,87.3,110,9,10,28,33,11.76,3.12,3.29,10.5
Center,DRAFTED,0.51,82.3,242.4,87.4,110,9.125,10,28,33,11.7524,3.12,3.2862,10.59
Center,DRAFTED,0.52,82.396,242.592,87.5,110.24,9.25,10,28,33,11.7448,3.12,3.2824,10.68
Center,DRAFTED,0.53,82.494,242.788,87.5,110.485,9.25,10,28.07,33,11.7358,3.1172,3.2786,10.77
Center,DRAFTED,0.54,82.5,242.892,87.5,110.5,9.25,10,28.26,33,11.7244,3.1096,3.2748,10.86
Center,DRAFTED,0.55,82.5,242.99,87.625,110.5,9.25,10,28.45,33,11.713,3.102,3.271,10.95
Center,DRAFTED,0.56,82.61,243.088,87.75,110.5,9.25,10,28.64,33.14,11.6932,3.086,3.2644,11.04
Center,DRAFTED,0.57,82.7325,243.186,87.75,110.5,9.25,10,28.83,33.33,11.6704,3.067,3.2568,11.13
Center,DRAFTED,0.58,82.75,243.368,87.75,110.71,9.25,10,29,33.5,11.6496,3.0496,3.2492,11.22
Center,DRAFTED,0.59,82.75,243.564,87.775,110.955,9.25,10,29,33.5,11.6458,3.0458,3.2416,11.31
Center,DRAFTED,0.6,82.75,243.92,87.8,111,9.25,10,29,33.5,11.642,3.042,3.234,11.4
Center,DRAFTED,0.61,82.75,244.312,87.9,111,9.25,10,29.09,33.5,11.6382,3.0382,3.2264,11.49
Center,DRAFTED,0.62,82.769,244.704,88,111,9.25,10,29.28,33.5,11.6344,3.0344,3.2188,11.58
Center,DRAFTED,0.63,82.7935,245.096,88,111,9.25,10.15,29.47,33.5,11.6306,3.0306,3.2112,11.67
Center,DRAFTED,0.64,82.8,245.56,88,111.18,9.25,10.3,29.5,33.66,11.6172,3.0268,3.21,11.76
Center,DRAFTED,0.65,82.8,246.05,88.125,111.425,9.25,10.3,29.5,33.85,11.602,3.023,3.21,11.85
Center,DRAFTED,0.66,82.868,246.744,88.25,111.5,9.25,10.3,29.54,34.12,11.5844,3.0184,3.21,11.94
Center,DRAFTED,0.67,82.966,247.528,88.375,111.5,9.25,10.3,29.73,34.69,11.5578,3.0108,3.21,12.03
Center,DRAFTED,0.68,83.08,247.992,88.5,111.5,9.25,10.3,29.92,35.26,11.5312,3.0032,3.21,12.12
Center,DRAFTED,0.69,83.2025,248.286,88.5,111.5,9.25,10.3,30.11,35.5,11.5112,3,3.2078,12.21
Center,DRAFTED,0.7,83.25,248.52,88.5,111.65,9.25,10.3,30.3,35.5,11.496,3,3.204,12.3
Center,DRAFTED,0.71,83.25,248.716,88.625,111.895,9.25,10.3,30.49,35.5,11.4808,3,3.2002,12.39
Center,DRAFTED,0.72,83.264,249.192,88.75,112,9.25,10.3,30.5,35.68,11.4728,3,3.2,12.48
Center,DRAFTED,0.73,83.2885,249.878,88.75,112,9.375,10.3,30.5,35.87,11.4652,3,3.2,12.57
Center,DRAFTED,0.74,83.43,250.72,88.75,112,9.5,10.3,30.56,36,11.4588,3,3.1916,12.66
Center,DRAFTED,0.75,83.675,251.7,88.875,112,9.5,10.3,30.75,36,11.455,3,3.165,12.75
Center,DRAFTED,0.76,83.848,252.344,89,112.12,9.5,10.3,30.94,36,11.4512,3,3.1384,12.84
Center,DRAFTED,0.77,83.946,252.638,89.125,112.365,9.5,10.4,31.13,36,11.4422,3,3.1274,12.93
Center,DRAFTED,0.78,84,253.152,89.25,112.5,9.5,10.5,31.32,36,11.4308,3,3.1236,13
Center,DRAFTED,0.79,84,253.936,89.25,112.5,9.5,10.5,31.52,36.01,11.4186,3,3.1194,13
Center,DRAFTED,0.8,84.05,254.42,89.25,112.5,9.5,10.5,31.9,36.2,11.392,3,3.108,13
Center,DRAFTED,0.81,84.1725,254.469,89.625,112.5,9.5,10.5,32.28,36.39,11.3654,3,3.0966,13
Center,DRAFTED,0.82,84.25,254.77,90,112.59,9.5,10.5,32.58,36.58,11.342,3,3.0836,13
Center,DRAFTED,0.83,84.25,255.505,90,112.835,9.5,10.5,32.77,36.77,11.323,3,3.0684,13
Center,DRAFTED,0.84,84.25,256.16,90,113,9.5,10.5,32.96,36.96,11.304,3,3.0532,13
Center,DRAFTED,0.85,84.25,256.65,90.125,113,9.5,10.5,33,37,11.3,3,3.035,13
Center,DRAFTED,0.86,84.285,257,90.25,113.14,9.5,10.5,33,37,11.3,3,3.016,13
Center,DRAFTED,0.87,84.4075,257,90.375,113.63,9.5,10.5,33.12,37.09,11.2994,3,3,13
Center,DRAFTED,0.88,84.53,257.3,90.5,114.06,9.5,10.5,33.88,37.66,11.2956,3,3,13
Center,DRAFTED,0.89,84.6525,258.525,90.625,114.305,9.5,10.65,34.64,38.23,11.2918,3,3,13.03
Center,DRAFTED,0.9,84.75,259.83,90.75,114.55,9.5,10.8,35,38.7,11.282,2.998,3,13.3
Center,DRAFTED,0.91,84.75,261.447,90.775,114.795,9.625,10.8,35,39.08,11.2668,2.9942,3,13.57
Center,DRAFTED,0.92,84.77,262.8,90.8,115,9.75,10.8,35,39.46,11.2516,2.9904,3,13.84
Center,DRAFTED,0.93,84.8925,262.8,90.9,115,9.75,10.8,35.34,39.67,11.2296,2.973,3,14.11
Center,DRAFTED,0.94,85.048,262.908,91,115,9.75,10.8,35.72,39.86,11.2068,2.954,3,14.38
Center,DRAFTED,0.95,85.44,263.79,91.125,115,9.875,10.9,36.1,40.1,11.171,2.938,3,14.65
Center,DRAFTED,0.96,85.848,265.296,91.25,115.02,10,11,36.48,40.48,11.0988,2.9304,3,14.92
Center,DRAFTED,0.97,86.436,273.822,91.875,115.265,10,11,36.86,40.86,11.0266,2.9228,3,15.19
Center,DRAFTED,0.98,87.016,282.34,92.5,115.53,10,11,37,41.84,10.9928,2.9176,3,15.46
Center,DRAFTED,0.99,87.408,290.67,93.65,116.265,10,11.15,37,43.17,10.9814,2.9138,3,15.73
Forward,DRAFTED,0,74.75,178.4,77,98.5,8,8.3,23.5,26.5,12.94,3.53,3.59,0
Forward,DRAFTED,0.01,75.81,184.688,78.24,99.5,8,8.3,23.93,28.86,12.7014,3.4856,3.5614,0
Forward,DRAFTED,0.02,76,187.792,79.25,100,8,8.3,24.5,29.5,12.644,3.4292,3.53,0
Forward,DRAFTED,0.03,76,188.688,79.444,100,8,8.3,25,30,12.4336,3.38,3.5142,0.04
Forward,DRAFTED,0.04,76.24,190.768,79.99,100.5,8.24,8.5,25,30.72,12.2668,3.3536,3.5,0.72
Forward,DRAFTED,0.05,76.5,191.84,80,100.5,8.25,8.5,25.15,31,12.211,3.338,3.49,1.4
Forward,DRAFTED,0.06,76.5,193.816,80.11,101,8.25,8.5,25.58,31.08,12.1836,3.3168,3.4784,2.08
Forward,DRAFTED,0.07,76.5,195.344,80.25,101,8.25,8.704,26,31.5,12.049,3.3,3.46,2.76
Forward,DRAFTED,0.08,76.5,195.8,80.484,101.5,8.25,8.8,26,31.5,12,3.3,3.46,3.44
Forward,DRAFTED,0.09,76.5,196.264,80.54,101.5,8.25,8.8,26.37,32,11.9226,3.3,3.4426,4
Forward,DRAFTED,0.1,76.6,196.88,80.75,101.7,8.35,8.8,26.5,32,11.9,3.298,3.434,4
Forward,DRAFTED,0.11,76.75,197.768,80.782,102,8.5,8.8,26.5,32,11.8854,3.29,3.4208,4
Forward,DRAFTED,0.12,76.75,198.376,81,102,8.5,8.8,26.66,32,11.8468,3.28,3.3936,4.16
Forward,DRAFTED,0.13,76.78,198.648,81,102,8.5,8.8,27,32,11.8282,3.2764,3.38,4.84
Forward,DRAFTED,0.14,77,199.6,81,102,8.5,9,27,32,11.7992,3.2692,3.38,5
Forward,DRAFTED,0.15,77.15,200.16,81.15,102,8.5,9,27,32,11.762,3.252,3.371,5
Forward,DRAFTED,0.16,77.25,201.536,81.25,102.5,8.5,9,27,32.38,11.7248,3.25,3.37,5
Forward,DRAFTED,0.17,77.25,203,81.25,102.5,8.5,9,27,32.5,11.7,3.25,3.37,5
Forward,DRAFTED,0.18,77.266,203.064,81.364,102.5,8.5,9,27,32.5,11.6852,3.2404,3.3652,5
Forward,DRAFTED,0.19,77.3,203.736,81.5,102.78,8.5,9,27,32.67,11.6566,3.2332,3.36,5
Forward,DRAFTED,0.2,77.5,204.76,81.7,103,8.5,9,27.1,33,11.648,3.23,3.358,5
Forward,DRAFTED,0.21,77.5,205.224,81.75,103,8.5,9,27.5,33,11.6394,3.23,3.34,5
Forward,DRAFTED,0.22,77.5,205.856,81.75,103,8.5,9,27.5,33,11.6116,3.2216,3.34,5
Forward,DRAFTED,0.23,77.5,206.2,81.75,103,8.5,9,27.5,33,11.5766,3.22,3.3322,5
Forward,DRAFTED,0.24,77.5,206.4,81.8,103,8.5,9,27.5,33.5,11.5336,3.21,3.33,5
Forward,DRAFTED,0.25,77.75,208.2,82,103,8.5,9,27.75,33.5,11.51,3.21,3.33,5
Forward,DRAFTED,0.26,77.75,208.6,82,103,8.5,9,28,33.5,11.4864,3.2,3.32,5
Forward,DRAFTED,0.27,77.75,208.8,82,103.5,8.5,9,28,33.61,11.48,3.2,3.32,5.36
Forward,DRAFTED,0.28,77.75,209.088,82,103.5,8.5,9,28,34,11.4792,3.2,3.32,6
Forward,DRAFTED,0.29,77.75,209.592,82.25,103.5,8.5,9.3,28.47,34,11.4606,3.1912,3.3106,6
Forward,DRAFTED,0.3,77.8,210.48,82.26,103.5,8.5,9.3,28.5,34.4,11.45,3.184,3.31,6.4
Forward,DRAFTED,0.31,78,211.176,82.3,103.5,8.61,9.3,28.5,34.5,11.43,3.17,3.3,7
Forward,DRAFTED,0.32,78,211.6,82.5,103.5,8.75,9.3,28.5,34.5,11.42,3.1692,3.3,7
Forward,DRAFTED,0.33,78,211.968,82.75,103.96,8.75,9.3,28.5,34.69,11.3962,3.15,3.3,7.44
Forward,DRAFTED,0.34,78,212.232,82.75,104,8.75,9.3,28.5,35,11.3876,3.15,3.3,8
Forward,DRAFTED,0.35,78,212.68,82.75,104,8.75,9.3,28.55,35,11.369,3.148,3.29,8
Forward,DRAFTED,0.36,78.25,212.8,83,104,8.75,9.3,29,35,11.36,3.14,3.29,8
Forward,DRAFTED,0.37,78.25,213.6,83,104,8.75,9.3,29,35,11.3518,3.14,3.29,8
Forward,DRAFTED,0.38,78.25,214,83,104.5,8.75,9.3,29,35,11.3364,3.1364,3.2832,8
Forward,DRAFTED,0.39,78.3,214.144,83,104.5,8.75,9.3,29,35,11.3,3.1292,3.28,8
Forward,DRAFTED,0.4,78.42,214.6,83.15,104.5,8.75,9.3,29,35,11.286,3.12,3.28,8
Forward,DRAFTED,0.41,78.5,215,83.25,104.5,8.75,9.3,29,35.5,11.28,3.1,3.27,8
Forward,DRAFTED,0.42,78.5,216.048,83.25,104.5,8.75,9.316,29.06,35.5,11.27,3.1,3.27,8
Forward,DRAFTED,0.43,78.5,216.8,83.266,104.5,8.75,9.5,29.5,35.5,11.2602,3.1,3.27,8.24
Forward,DRAFTED,0.44,78.5,217.312,83.5,104.5,8.75,9.5,29.5,35.5,11.26,3.09,3.27,8.92
Forward,DRAFTED,0.45,78.5,218.16,83.5,105,8.75,9.5,29.5,35.5,11.25,3.09,3.26,9
Forward,DRAFTED,0.46,78.75,218.408,83.5,105,8.75,9.5,29.5,35.5,11.24,3.08,3.26,9
Forward,DRAFTED,0.47,78.75,218.6,83.57,105,8.75,9.5,29.5,35.5,11.24,3.08,3.2558,9
Forward,DRAFTED,0.48,78.75,218.6,83.75,105,8.75,9.5,29.5,36,11.2172,3.07,3.25,9
Forward,DRAFTED,0.49,78.8,219.152,83.75,105,8.75,9.5,29.5,36,11.21,3.0672,3.25,9
Forward,DRAFTED,0.5,79,219.6,83.75,105,8.75,9.5,30,36,11.2,3.05,3.25,9
Forward,DRAFTED,0.51,79,219.648,83.8,105,8.81,9.5,30,36,11.2,3.05,3.25,9
Forward,DRAFTED,0.52,79,220.148,83.896,105.5,9,9.5,30,36,11.2,3.05,3.25,9.36
Forward,DRAFTED,0.53,79,220.2,84,105.5,9,9.5,30,36,11.18,3.04,3.25,10
Forward,DRAFTED,0.54,79,220.4,84,105.5,9,9.5,30.22,36,11.1656,3.04,3.24,10
Forward,DRAFTED,0.55,79.25,221.08,84,105.5,9,9.5,30.5,36,11.16,3.04,3.24,10
Forward,DRAFTED,0.56,79.25,221.6,84,106,9,9.5,30.5,36.08,11.1584,3.03,3.2284,10
Forward,DRAFTED,0.57,79.25,221.8,84,106,9,9.5,30.5,36.5,11.15,3.03,3.22,10
Forward,DRAFTED,0.58,79.25,222.584,84.23,106,9,9.5,30.5,36.5,11.15,3.0224,3.2112,10.44
Forward,DRAFTED,0.59,79.332,222.832,84.25,106,9,9.548,30.5,36.5,11.14,3.0152,3.21,11
Forward,DRAFTED,0.6,79.5,223.68,84.25,106,9,9.8,31,36.5,11.13,3,3.204,11
Forward,DRAFTED,0.61,79.5,223.8,84.25,106,9,9.8,31,36.5,11.11,3,3.2,11
Forward,DRAFTED,0.62,79.5,223.8,84.294,106.5,9,9.8,31,36.5,11.1068,3,3.2,11.16
Forward,DRAFTED,0.63,79.5,224.424,84.5,106.5,9,9.8,31,36.5,11.1,3,3.2,11.84
Forward,DRAFTED,0.64,79.59,225.272,84.5,106.5,9,9.8,31,36.5,11.0996,3,3.2,12
Forward,DRAFTED,0.65,79.75,226.24,84.5,106.5,9,9.8,31,36.95,11.09,3,3.2,12
Forward,DRAFTED,0.66,79.75,227.104,84.71,106.5,9,9.8,31,37,11.08,3,3.2,12
Forward,DRAFTED,0.67,79.75,229.016,84.754,106.5,9,9.8,31,37,11.0414,3,3.1938,12
Forward,DRAFTED,0.68,79.766,229.528,85,107,9,9.8,31,37,11.02,3,3.1852,12
Forward,DRAFTED,0.69,79.912,230.156,85,107,9,9.8,31.17,37.17,11.02,3,3.18,12
Forward,DRAFTED,0.7,80,230.2,85,107,9,9.96,31.5,37.5,11,3,3.18,12
Forward,DRAFTED,0.71,80,230.208,85.25,107,9,10,31.5,37.5,11,2.9988,3.1794,12.28
Forward,DRAFTED,0.72,80.07,230.656,85.32,107,9,10,31.5,37.5,11,2.99,3.17,12.96
Forward,DRAFTED,0.73,80.25,231.008,85.5,107.5,9,10,31.5,37.5,11,2.99,3.17,13
Forward,DRAFTED,0.74,80.25,231.656,85.5,107.5,9,10,31.5,37.82,11,2.9872,3.17,13
Forward,DRAFTED,0.75,80.25,232,85.75,107.5,9,10,31.75,38,10.995,2.98,3.155,13
Forward,DRAFTED,0.76,80.25,232.048,85.75,107.5,9,10,32,38,10.99,2.97,3.15,13
Forward,DRAFTED,0.77,80.274,232.688,85.774,107.5,9,10,32,38,10.9778,2.96,3.1478,13
Forward,DRAFTED,0.78,80.3,233.888,86,107.5,9.18,10,32,38,10.9584,2.9584,3.1292,13.04
Forward,DRAFTED,0.79,80.5,234.384,86,107.98,9.25,10,32,38,10.94,2.9412,3.12,13.72
Forward,DRAFTED,0.8,80.75,235.28,86,108,9.25,10,32.5,38,10.916,2.94,3.12,14
Forward,DRAFTED,0.81,80.75,236.976,86,108,9.25,10,32.5,38,10.8934,2.9368,3.1068,14.08
Forward,DRAFTED,0.82,80.75,237.872,86,108,9.25,10,32.5,38.26,10.89,2.9292,3.1,14.76
Forward,DRAFTED,0.83,80.75,238.184,86,108,9.25,10,33,38.5,10.88,2.91,3.0962,15
Forward,DRAFTED,0.84,80.8,238.6,86.25,108,9.25,10.048,33,38.62,10.83,2.9052,3.08,15
Forward,DRAFTED,0.85,81,238.84,86.25,108.2,9.25,10.3,33,39,10.829,2.9,3.07,15
Forward,DRAFTED,0.86,81,240.056,86.25,108.5,9.25,10.3,33,39,10.8104,2.9,3.0604,15
Forward,DRAFTED,0.87,81,241.128,86.5,108.5,9.25,10.3,33,39,10.7772,2.8836,3.0518,15
Forward,DRAFTED,0.88,81.25,241.448,86.75,109,9.25,10.3,33,39.5,10.7564,2.8764,3.04,15
Forward,DRAFTED,0.89,81.25,242.144,86.84,109,9.25,10.3,33.5,39.5,10.7446,2.8584,3.0092,15
Forward,DRAFTED,0.9,81.25,242.72,87,109,9.25,10.3,33.7,39.7,10.712,2.832,3,15.2
Forward,DRAFTED,0.91,81.292,245.184,87,109,9.25,10.3,34,40,10.7,2.82,3,15.88
Forward,DRAFTED,0.92,81.5,246.824,87.25,109.5,9.25,10.5,34,40.06,10.684,2.8076,3,16
Forward,DRAFTED,0.93,81.75,248.056,87.25,109.5,9.33,10.5,34,40.5,10.64,2.8,3,16
Forward,DRAFTED,0.94,82,249.336,87.25,110,9.5,10.5,34.5,40.5,10.63,2.8,3,16
Forward,DRAFTED,0.95,82.25,251.38,87.5,110,9.5,10.5,35,40.5,10.616,2.778,3,17.2
Forward,DRAFTED,0.96,82.5,252.44,88,110.02,9.5,10.5,35.28,41.28,10.5844,2.7588,3,18.28
Forward,DRAFTED,0.97,82.764,253.856,88.25,110.5,9.5,10.8,36,41.71,10.5716,2.7248,3,18.96
Forward,DRAFTED,0.98,83.38,255.336,88.63,110.5,9.75,10.8,36.64,42.28,10.546,2.6432,3,19
Forward,DRAFTED,0.99,83.75,262.32,89.25,111.76,9.75,11,37.5,43,10.4444,2.5476,3,19.32
Guard,DRAFTED,0,68.25,0,70,88.5,7.5,7.5,22,28,12.62,3.7,4,0
Guard,DRAFTED,0.01,69.5,160.608,73.7925,89.585,7.5,7.548,23.74,28.87,12.0497,3.4616,3.5308,0
Guard,DRAFTED,0.02,70.42,167.256,74.335,93,7.5,8,24.5,29.98,11.9586,3.4244,3.4668,0.22
Guard,DRAFTED,0.03,70.8775,169.792,74.7755,93.255,7.62,8.3,24.61,31,11.8862,3.41,3.4384,0.83
Guard,DRAFTED,0.04,71,170.656,75,93.5,7.75,8.3,25,31,11.8424,3.3776,3.43,1
Guard,DRAFTED,0.05,71.5,172.36,75.2125,94.425,7.95,8.3,25,31.5,11.7345,3.328,3.404,1
Guard,DRAFTED,0.06,71.75,175.2,75.25,95,8,8.3,25.5,31.5,11.6424,3.3032,3.4,1
Guard,DRAFTED,0.07,72,176.496,75.2595,95,8,8.5,25.59,32.09,11.5967,3.28,3.3996,1
Guard,DRAFTED,0.08,72.25,177.456,75.5,95.18,8,8.5,26,32.5,11.57,3.2688,3.3596,1
Guard,DRAFTED,0.09,72.2765,177.976,75.8825,95.765,8,8.5,26.33,32.5,11.55,3.26,3.3452,1
Guard,DRAFTED,0.1,72.44,178.4,76,96,8,8.5,26.5,33,11.527,3.25,3.34,1
Guard,DRAFTED,0.11,72.5,178.856,76,96,8,8.5,27,33,11.5091,3.2396,3.34,1
Guard,DRAFTED,0.12,72.5,179.384,76.25,96,8,8.5,27,33,11.4724,3.2232,3.3236,1.32
Guard,DRAFTED,0.13,72.5,180.032,76.5,96.5,8,8.5,27,33.5,11.4651,3.21,3.32,1.93
Guard,DRAFTED,0.14,72.75,180.448,76.595,96.5,8,8.5,27.5,33.5,11.4478,3.21,3.32,2
Guard,DRAFTED,0.15,72.8875,180.68,76.91,96.5,8,8.5,27.5,33.5,11.421,3.2,3.32,2
Guard,DRAFTED,0.16,73,180.856,77,96.86,8,8.5,27.5,33.5,11.41,3.2,3.3148,2
Guard,DRAFTED,0.17,73,181.344,77.25,97,8,8.5,27.5,34,11.4,3.2,3.3076,2
Guard,DRAFTED,0.18,73.253,181.488,77.25,97,8,8.5,28,34,11.4,3.2,3.3,2
Guard,DRAFTED,0.19,73.346,182.608,77.5,97,8.01,8.5,28,34,11.3826,3.19,3.2932,2
Guard,DRAFTED,0.2,73.5,183.04,77.5,97.2,8.25,8.5,28,34,11.368,3.182,3.28,2.2
Guard,DRAFTED,0.21,73.5,183.632,77.5,97.5,8.25,8.5,28,34,11.34,3.1656,3.28,2.81
Guard,DRAFTED,0.22,73.5,184.504,77.685,97.5,8.25,8.5,28,34,11.3294,3.16,3.28,3
Guard,DRAFTED,0.23,73.5,184.936,77.75,97.5,8.25,8.5,28.01,34,11.32,3.16,3.27,3.03
Guard,DRAFTED,0.24,73.816,185.368,78,98,8.25,8.5,28.5,34.38,11.2844,3.16,3.27,3.64
Guard,DRAFTED,0.25,74,185.8,78,98,8.25,8.8,28.5,34.5,11.26,3.15,3.27,4
Guard,DRAFTED,0.26,74,186.048,78,98,8.25,8.8,29,34.5,11.2404,3.1436,3.27,4
Guard,DRAFTED,0.27,74,186.664,78,98,8.25,8.8,29,34.5,11.21,3.14,3.27,4
Guard,DRAFTED,0.28,74.25,187,78.25,98,8.25,8.8,29,34.86,11.2,3.1308,3.27,4.08
Guard,DRAFTED,0.29,74.25,187,78.25,98.465,8.25,8.8,29,35,11.1683,3.13,3.27,4.69
Guard,DRAFTED,0.3,74.32,188.16,78.5,98.5,8.25,8.8,29,35,11.16,3.13,3.26,5
Guard,DRAFTED,0.31,74.5,188.592,78.5,98.5,8.25,8.8,29,35,11.15,3.13,3.26,5
Guard,DRAFTED,0.32,74.5,189,78.5,98.5,8.25,8.8,29,35.34,11.1364,3.12,3.2596,5
Guard,DRAFTED,0.33,74.5,189.2,78.75,98.5,8.25,8.8,29,35.5,11.1291,3.12,3.25,5
Guard,DRAFTED,0.34,74.5,189.464,78.789,98.5,8.25,8.8,29.08,35.5,11.12,3.1124,3.25,5
Guard,DRAFTED,0.35,74.7375,189.92,78.8,98.975,8.25,8.8,29.5,35.5,11.12,3.11,3.25,5
Guard,DRAFTED,0.36,75,190,79,99,8.25,8.952,29.5,35.5,11.11,3.1096,3.2408,5
Guard,DRAFTED,0.37,75,190.2,79,99,8.25,9,29.5,35.5,11.1,3.1,3.24,5.57
Guard,DRAFTED,0.38,75,190.8,79,99,8.25,9,29.5,35.5,11.0926,3.1,3.23,6
Guard,DRAFTED,0.39,75,191.096,79.1575,99.5,8.25,9,29.5,35.93,11.08,3.1,3.23,6
Guard,DRAFTED,0.4,75,191.56,79.25,99.5,8.25,9,29.92,36,11.07,3.1,3.222,6
Guard,DRAFTED,0.41,75,192.024,79.25,99.5,8.25,9,30,36,11.07,3.09,3.22,6.01
Guard,DRAFTED,0.42,75.035,192.4,79.25,99.5,8.25,9,30,36,11.07,3.0812,3.22,6.62
Guard,DRAFTED,0.43,75.25,192.928,79.25,99.5,8.25,9,30,36,11.0522,3.08,3.22,7
Guard,DRAFTED,0.44,75.25,193.016,79.25,99.74,8.25,9,30,36,11.0188,3.08,3.2132,7
Guard,DRAFTED,0.45,75.25,193.48,79.2825,100,8.25,9,30,36.15,11.0015,3.08,3.21,7
Guard,DRAFTED,0.46,75.25,194,79.464,100,8.25,9,30,36.5,11,3.07,3.2088,7
Guard,DRAFTED,0.47,75.25,194.304,79.5,100,8.25,9,30.39,36.5,11,3.0684,3.2,7
Guard,DRAFTED,0.48,75.258,194.536,79.5,100,8.5,9,30.5,36.5,11,3.05,3.2,7
Guard,DRAFTED,0.49,75.3,194.768,79.5,100,8.5,9,30.5,36.5,11,3.0364,3.2,7
Guard,DRAFTED,0.5,75.5,195.2,79.5,100,8.5,9,30.5,36.5,11,3.03,3.2,7
Guard,DRAFTED,0.51,75.5,195.264,79.5,100,8.5,9,30.5,37,11,3.03,3.2,7.11
Guard,DRAFTED,0.52,75.5,195.728,79.75,100.5,8.5,9,30.5,37,11,3.0272,3.19,7.72
Guard,DRAFTED,0.53,75.5,196.2,79.75,100.5,8.5,9,30.5,37,11,3.02,3.19,8
Guard,DRAFTED,0.54,75.5,196.364,79.8,100.5,8.5,9,30.5,37,10.9916,3.02,3.19,8
Guard,DRAFTED,0.55,75.5875,196.4,80,100.5,8.5,9,30.5,37,10.97,3.01,3.18,8
Guard,DRAFTED,0.56,75.75,196.6,80,100.5,8.5,9.3,30.5,37.5,10.9612,3.0016,3.18,8
Guard,DRAFTED,0.57,75.75,197,80,100.5,8.5,9.3,30.5,37.5,10.96,3,3.1796,8
Guard,DRAFTED,0.58,75.793,197.256,80,100.5,8.5,9.3,30.5,37.5,10.96,3,3.17,8
Guard,DRAFTED,0.59,76,197.688,80,101,8.5,9.3,31,37.5,10.9493,3,3.17,8
Guard,DRAFTED,0.6,76,198,80.25,101,8.5,9.3,31,37.5,10.932,3,3.168,8
Guard,DRAFTED,0.61,76,198,80.25,101,8.5,9.3,31,38,10.9141,3,3.16,8
Guard,DRAFTED,0.62,76,198.584,80.25,101,8.5,9.3,31,38,10.8874,3,3.16,8
Guard,DRAFTED,0.63,76,198.832,80.2855,101,8.5,9.3,31,38,10.8701,3,3.1564,8.43
Guard,DRAFTED,0.64,76,199.4,80.5,101,8.5,9.3,31.5,38,10.87,3,3.15,9
Guard,DRAFTED,0.65,76.0125,200.6,80.5125,101,8.5,9.3,31.5,38,10.84,3,3.15,9
Guard,DRAFTED,0.66,76.25,200.912,80.75,101,8.5,9.3,31.5,38,10.82,2.9976,3.15,9.26
Guard,DRAFTED,0.67,76.25,201.6,80.75,101.195,8.5,9.3,32,38.29,10.82,2.9812,3.1476,9.87
Guard,DRAFTED,0.68,76.25,201.976,80.8,101.5,8.5,9.3,32,38.5,10.82,2.98,3.14,10
Guard,DRAFTED,0.69,76.25,202,81,101.5,8.5,9.5,32,38.5,10.82,2.98,3.14,10
Guard,DRAFTED,0.7,76.25,202.4,81,101.5,8.5,9.5,32,38.5,10.81,2.972,3.13,10
Guard,DRAFTED,0.71,76.3,202.944,81,101.5,8.5,9.5,32,38.5,10.8017,2.97,3.1288,10
Guard,DRAFTED,0.72,76.3,203.704,81,101.62,8.5,9.5,32.14,39,10.8,2.9592,3.12,10
Guard,DRAFTED,0.73,76.382,203.936,81,102,8.5,9.5,32.5,39,10.79,2.95,3.1144,10
Guard,DRAFTED,0.74,76.5,204.168,81.145,102,8.5,9.5,32.5,39,10.78,2.9428,3.11,10.28
Guard,DRAFTED,0.75,76.5,204.6,81.25,102,8.75,9.5,32.5,39,10.7725,2.93,3.11,11.5
Guard,DRAFTED,0.76,76.5,204.816,81.25,102,8.75,9.5,32.5,39.12,10.77,2.93,3.11,12
Guard,DRAFTED,0.77,76.5,205.064,81.25,102,8.75,9.5,32.5,39.5,10.76,2.92,3.1,12
Guard,DRAFTED,0.78,76.5,205.6,81.315,102,8.75,9.5,32.5,39.86,10.76,2.92,3.1,12
Guard,DRAFTED,0.79,76.5,205.928,81.5,102.215,8.75,9.5,33,40,10.7533,2.92,3.1,12.19
Guard,DRAFTED,0.8,76.5,206.4,81.5,102.5,8.75,9.5,33,40.5,10.742,2.918,3.09,12.8
Guard,DRAFTED,0.81,76.5,206.888,81.75,102.5,8.75,9.5,33,40.5,10.7287,2.91,3.0868,13
Guard,DRAFTED,0.82,76.5,207.344,82,102.5,8.75,9.5,33,40.5,10.72,2.9052,3.08,13.02
Guard,DRAFTED,0.83,76.5275,208.912,82,102.5,8.75,9.8,33,40.5,10.6941,2.9,3.08,13.63
Guard,DRAFTED,0.84,76.75,209.552,82,102.5,8.75,9.8,33,40.5,10.6868,2.8924,3.07,14
Guard,DRAFTED,0.85,76.75,210,82.25,102.725,8.75,9.8,33,40.95,10.68,2.886,3.07,14
Guard,DRAFTED,0.86,76.75,210.552,82.25,103,8.75,9.8,33,41.32,10.6722,2.88,3.07,14
Guard,DRAFTED,0.87,77,211.352,82.3,103,8.75,9.8,33.5,41.5,10.6449,2.8732,3.0472,14.07
Guard,DRAFTED,0.88,77.24,212.4,82.5,103,8.77,9.8,33.5,41.5,10.6228,2.87,3.0364,14.68
Guard,DRAFTED,0.89,77.25,212.696,82.5,103.065,9,9.8,33.5,41.5,10.5903,2.8412,3.0192,15
Guard,DRAFTED,0.9,77.25,213.08,82.575,103.5,9,9.8,33.5,41.8,10.59,2.84,3.002,15
Guard,DRAFTED,0.91,77.25,213.256,82.8675,103.5,9,9.8,33.67,42,10.5857,2.8176,3,15
Guard,DRAFTED,0.92,77.282,214.632,83.16,103.5,9,9.8,34.5,42,10.5584,2.8012,3,15.12
Guard,DRAFTED,0.93,77.462,215,83.5,104,9,9.976,34.5,42,10.5322,2.7644,3,15.73
Guard,DRAFTED,0.94,77.5,216.408,83.99,104,9,10,34.5,42,10.5238,2.7336,3,16
Guard,DRAFTED,0.95,77.7575,216.88,84,104,9,10,34.65,42.5,10.4865,2.692,3,16
Guard,DRAFTED,0.96,77.8,218.072,84,104,9,10,35.52,43.02,10.4584,2.618,3,16.56
Guard,DRAFTED,0.97,77.898,218.712,84.6225,104.5,9,10,36.39,43.5,10.4238,2.4876,3,17.34
Guard,DRAFTED,0.98,78.165,223.544,84.75,105,9.17,10,37.02,44,10.3606,2.4528,3,18.56
Guard,DRAFTED,0.99,78.2915,227.008,85.165,105.915,9.25,10.3,37.5,44,10.1971,2.4192,3,19
Center,ALL,0,78.5,206.4,82.25,103.5,8.5,7.8,19.5,22.5,13.4,3.61,4,1
Center,ALL,0.01,78.8475,208,83,105.07,8.5,7.982,21.075,25,13.3185,3.5396,3.797,1.67
Center,ALL,0.02,79.195,208.78,83.4,106,8.5,8.41,21.5,25.15,13.277,3.4944,3.756,2
Center,ALL,0.03,79.2585,212.517,83.6,106,8.5,8.719,21.5,25.725,13.182,3.4816,3.6955,2
Center,ALL,0.04,79.3,214.84,84.15,106.26,8.5,8.928,21.8,26.3,13.07,3.4744,3.684,2
Center,ALL,0.05,79.7275,216.6,84.5,106.5,8.5,9,22.375,26.5,12.935,3.468,3.6425,2
Center,ALL,0.06,79.868,220.604,84.7,107,8.615,9,22.5,26.5,12.901,3.4616,3.63,2
Center,ALL,0.07,80,221.584,85,107,8.75,9,23,26.525,12.869,3.46,3.62,2
Center,ALL,0.08,80.256,222.06,85,107.5,8.75,9,23,27,12.85,3.4528,3.62,2.72
Center,ALL,0.09,80.3,222.959,85,107.5,8.75,9,23,27,12.829,3.4144,3.613,4
Center,ALL,0.1,80.3,223.94,85,107.5,8.75,9.03,23.25,27,12.78,3.392,3.6,4
Center,ALL,0.11,80.5,224.606,85,108,8.75,9.3,23.5,27.325,12.757,3.38,3.5935,4
Center,ALL,0.12,80.5,226.552,85.2,108,8.75,9.3,23.5,27.5,12.75,3.38,3.59,4.04
Center,ALL,0.13,80.75,229.028,85.25,108,8.75,9.3,23.5,27.5,12.7215,3.3736,3.571,4.71
Center,ALL,0.14,80.75,229.492,85.25,108,8.935,9.448,23.55,27.5,12.673,3.3608,3.569,5
Center,ALL,0.15,80.75,229.94,85.5,108.35,9,9.5,24,27.5,12.6075,3.354,3.56,5.05
Center,ALL,0.16,80.762,230.632,85.5,108.5,9,9.5,24,27.7,12.584,3.3452,3.556,5.72
Center,ALL,0.17,80.8,232.126,85.5,108.5,9,9.5,24,28,12.5545,3.3324,3.55,6
Center,ALL,0.18,81,232.408,85.75,108.5,9,9.5,24,28,12.529,3.3196,3.55,6
Center,ALL,0.19,81,233.128,85.75,108.5,9,9.5,24,28,12.52,3.31,3.533,6
Center,ALL,0.2,81,233.92,85.8,108.5,9,9.5,24,28.5,12.5,3.31,3.52,6.4
Center,ALL,0.21,81,235,86,108.5,9,9.5,24.5,29,12.4985,3.31,3.51,7
Center,ALL,0.22,81,235.58,86,108.5,9,9.5,24.5,29,12.484,3.3092,3.51,7
Center,ALL,0.23,81,236,86,108.5,9,9.5,24.5,29,12.443,3.3028,3.5055,7
Center,ALL,0.24,81,236.344,86,109,9,9.5,24.5,29,12.404,3.3,3.5,7
Center,ALL,0.25,81.1875,236.6,86,109,9,9.5,24.5,29.375,12.4,3.3,3.5,7
Center,ALL,0.26,81.25,236.828,86.25,109,9,9.698,24.95,29.5,12.373,3.3,3.5,7.42
Center,ALL,0.27,81.25,237,86.25,109,9,9.8,25.5,29.5,12.3195,3.3,3.5,8
Center,ALL,0.28,81.25,237,86.5,109,9,9.8,25.6,29.6,12.308,3.3,3.5,8
Center,ALL,0.29,81.25,237.262,86.5,109,9,9.8,26,30,12.2965,3.2944,3.5,8
Center,ALL,0.3,81.425,237.54,86.5,109,9,9.8,26,30,12.285,3.288,3.49,8
Center,ALL,0.31,81.5,238.072,86.5,109,9,9.8,26,30,12.267,3.2816,3.4735,8
Center,ALL,0.32,81.62,238.896,86.5,109.5,9,9.8,26,30,12.252,3.2752,3.47,8
Center,ALL,0.33,81.75,239.522,86.5,109.5,9,9.806,26,30,12.193,3.2688,3.47,8
Center,ALL,0.34,81.75,239.956,86.65,109.5,9,9.988,26,30,12.158,3.2624,3.46,8
Center,ALL,0.35,81.75,240.79,86.75,109.5,9,10,26,30,12.14,3.256,3.46,8
Center,ALL,0.36,82,241,86.75,109.5,9,10,26,30.2,12.128,3.2492,3.456,8.12
Center,ALL,0.37,82,241.258,86.75,109.5,9,10,26,30.5,12.1045,3.2364,3.45,8.79
Center,ALL,0.38,82,241.6,86.84,109.5,9,10,26.35,30.5,12.086,3.23,3.443,9
Center,ALL,0.39,82,242,87,109.5,9,10,26.5,30.5,12.0715,3.23,3.44,9
Center,ALL,0.4,82,242.24,87,109.5,9,10,26.5,30.5,12.07,3.224,3.44,9
Center,ALL,0.41,82,242.4,87,109.79,9,10,26.5,30.5,12.054,3.2152,3.43,9
Center,ALL,0.42,82,242.676,87,110,9,10,26.65,30.5,12.02,3.2024,3.43,9.14
Center,ALL,0.43,82,242.954,87,110,9,10,27,30.5,12.011,3.1948,3.421,9.81
Center,ALL,0.44,82.25,243.032,87,110,9,10,27,30.5,12,3.19,3.404,10
Center,ALL,0.45,82.25,243.2,87.25,110,9,10,27,30.875,11.97,3.19,3.4,10
Center,ALL,0.46,82.25,243.576,87.25,110,9,10,27,31,11.951,3.1768,3.4,10
Center,ALL,0.47,82.2665,244.266,87.25,110,9,10,27,31,11.919,3.16,3.4,10
Center,ALL,0.48,82.3,244.4,87.26,110.072,9,10,27,31,11.9,3.16,3.4,10
Center,ALL,0.49,82.5,245.022,87.42,110.424,9,10,27.175,31,11.9,3.1456,3.3965,10
Center,ALL,0.5,82.5,245.6,87.5,110.5,9.125,10,27.5,31,11.885,3.12,3.39,10.5
Center,ALL,0.51,82.5,246,87.5,110.5,9.25,10,27.5,31,11.857,3.12,3.39,11.17
Center,ALL,0.52,82.57,246.648,87.5,110.5,9.25,10,27.5,31,11.85,3.12,3.39,11.84
Center,ALL,0.53,82.75,248.202,87.55,110.57,9.25,10,27.5,31,11.8405,3.12,3.39,12
Center,ALL,0.54,82.75,248.424,87.75,111,9.25,10,27.5,31,11.82,3.1088,3.38,12
Center,ALL,0.55,82.75,248.89,87.8,111,9.25,10,27.625,31.125,11.815,3.1,3.38,12
Center,ALL,0.56,82.75,249,88,111,9.25,10,28,31.5,11.8,3.1,3.376,12
Center,ALL,0.57,82.7615,249.492,88,111,9.25,10,28,31.5,11.8,3.076,3.37,12.19
Center,ALL,0.58,82.8,249.924,88,111,9.25,10,28,31.85,11.793,3.0488,3.363,12.86
Center,ALL,0.59,83,250.202,88,111,9.25,10.207,28,32,11.773,3.0424,3.36,13
Center,ALL,0.6,83,251.12,88,111,9.25,10.3,28,32,11.76,3.036,3.35,13
Center,ALL,0.61,83,252.516,88.1,111,9.25,10.3,28,32.5,11.76,3.03,3.35,13
Center,ALL,0.62,83.045,252.636,88.25,111,9.25,10.3,28,32.5,11.754,3.03,3.347,13
Center,ALL,0.63,83.25,252.914,88.25,111,9.25,10.3,28.225,32.5,11.7355,3.0268,3.34,13
Center,ALL,0.64,83.25,253.576,88.25,111,9.25,10.3,28.5,32.5,11.718,3.0204,3.334,13
Center,ALL,0.65,83.25,254.435,88.3,111.35,9.25,10.3,28.5,32.5,11.68,3.014,3.33,13
Center,ALL,0.66,83.25,254.87,88.5,111.5,9.25,10.3,28.5,32.5,11.67,3.0076,3.33,13.22
Center,ALL,0.67,83.25,255.13,88.5,111.5,9.25,10.3,28.5,32.525,11.65,3.0012,3.3295,13.89
Center,ALL,0.68,83.25,256.52,88.75,111.5,9.25,10.3,28.6,33,11.648,3,3.32,14
Center,ALL,0.69,83.2955,257,88.75,111.5,9.25,10.3,29,33,11.6365,3,3.3165,14
Center,ALL,0.7,83.5,257.24,88.75,111.5,9.425,10.3,29,33,11.61,3,3.305,14
Center,ALL,0.71,83.5,257.938,89,111.5,9.5,10.3,29,33,11.5835,3,3.3,14
Center,ALL,0.72,83.5,258.016,89,111.5,9.5,10.3,29,33.4,11.556,3,3.292,14.24
Center,ALL,0.73,83.5,258.2,89,111.87,9.5,10.3,29,33.5,11.531,3,3.29,14.91
Center,ALL,0.74,83.5,258.888,89,112,9.5,10.3,29.5,33.5,11.518,3,3.28,15
Center,ALL,0.75,83.5625,259.625,89,112,9.5,10.35,29.5,33.5,11.5,3,3.2775,15
Center,ALL,0.76,83.75,260.128,89.1,112,9.5,10.5,29.5,33.7,11.5,3,3.27,15
Center,ALL,0.77,83.75,262.8,89.25,112.13,9.5,10.5,29.5,34,11.4945,3,3.27,15
Center,ALL,0.78,83.75,262.884,89.25,112.5,9.5,10.5,29.85,34,11.49,3,3.27,15
Center,ALL,0.79,83.7905,263.81,89.4,112.5,9.5,10.5,30,34,11.4815,3,3.2615,15
Center,ALL,0.8,83.84,264.12,89.5,112.7,9.5,10.5,30.5,34,11.48,3,3.25,15
Center,ALL,0.81,84,264.6,89.6,113,9.5,10.5,30.5,35,11.4585,3,3.247,15
Center,ALL,0.82,84,265.972,89.75,113,9.5,10.5,30.5,35,11.444,3,3.23,15
Center,ALL,0.83,84,266.37,89.8,113,9.5,10.5,30.725,35.225,11.4255,3,3.2255,15.61
Center,ALL,0.84,84,267.152,90,113,9.61,10.5,31,35.5,11.408,3,3.214,16
Center,ALL,0.85,84.25,268.35,90,113,9.75,10.5,31,35.875,11.4,3,3.21,16
Center,ALL,0.86,84.25,270.172,90,113,9.75,10.5,31.45,36,11.355,3,3.21,16
Center,ALL,0.87,84.4825,272.86,90.2,113,9.75,10.551,31.5,36,11.338,3,3.2,16
Center,ALL,0.88,84.75,274.832,90.25,113,9.75,10.8,31.5,36.1,11.3,2.9968,3.2,16
Center,ALL,0.89,84.75,277.594,90.4,113,9.75,10.8,31.5,36.5,11.2965,2.9904,3.1755,16.63
Center,ALL,0.9,84.775,278.74,90.5,113.1,9.75,10.8,31.75,36.5,11.28,2.96,3.125,17
Center,ALL,0.91,85,280.196,90.5,113.5,9.75,10.8,32.325,36.825,11.2635,2.9352,3.12,17
Center,ALL,0.92,85,281.808,90.7,113.98,9.75,10.944,32.5,37,11.252,2.9224,3.096,17.64
Center,ALL,0.93,85.0675,289.124,90.84,114,9.9075,11,32.5,37,11.2405,2.9148,3.052,18
Center,ALL,0.94,85.25,290.66,91,114.36,10,11,33,37,11.199,2.9084,3,18
Center,ALL,0.95,85.25,291.86,91.25,115,10,11,33.125,37.375,11.1825,2.902,3,18
Center,ALL,0.96,85.47,295.64,92.2,115,10,11,34.1,38.9,11.136,2.9,3,18.32
Center,ALL,0.97,85.7915,300.66,92.5,115.43,10,11.081,35,39.5,11.045,2.892,3,18.99
Center,ALL,0.98,87.11,303,93,115.62,10,11.3,35.7,39.85,10.979,2.828,3,19
Center,ALL,0.99,87.683,309.71,94.48,116.62,10.045,11.345,36.85,40.85,10.936,2.7424,3,20.65
Forward,ALL,0,74,174.4,76.75,96.5,7.75,7.3,20.5,21,14.45,3.76,3.81,0
Forward,ALL,0.01,75.5,184.988,78.495,99,8,8.3,23,26,13.125,3.54,3.6482,0
Forward,ALL,0.02,75.99,187.984,79,100,8,8.3,23.5,27,12.93,3.5212,3.5982,0
Forward,ALL,0.03,76,191.6,79.25,100.5,8.2,8.5,23.5,28,12.764,3.4636,3.56,0.54
Forward,ALL,0.04,76,193.384,79.98,100.5,8.25,8.5,24,28,12.642,3.4124,3.54,2
Forward,ALL,0.05,76.475,195.8,80,101,8.25,8.5,24,28.5,12.525,3.38,3.5255,2
Forward,ALL,0.06,76.5,196.776,80.25,101,8.25,8.5,24.5,29,12.48,3.35,3.51,2
Forward,ALL,0.07,76.5,197.772,80.5,101.5,8.25,8.56,24.99,29,12.43,3.33,3.5,2.26
Forward,ALL,0.08,76.75,198.484,80.5,102,8.25,8.8,25,29,12.302,3.32,3.4828,3
Forward,ALL,0.09,76.75,199.964,80.791,102,8.25,8.8,25,29.5,12.26,3.31,3.47,3
Forward,ALL,0.1,76.75,200.4,81,102,8.5,8.8,25.5,29.5,12.22,3.3,3.47,4
Forward,ALL,0.11,77,201.912,81,102,8.5,8.8,25.5,30,12.18,3.3,3.46,4
Forward,ALL,0.12,77,202.552,81,102.5,8.5,8.8,25.5,30,12.15,3.29,3.45,5
Forward,ALL,0.13,77.25,203.2,81.25,102.5,8.5,8.96,25.5,30,12.11,3.28,3.45,5
Forward,ALL,0.14,77.25,204.744,81.25,102.5,8.5,9,26,30.5,12.066,3.2784,3.44,5
Forward,ALL,0.15,77.25,205.14,81.5,103,8.5,9,26,30.5,12.04,3.269,3.43,5
Forward,ALL,0.16,77.5,206.136,81.5,103,8.5,9,26,30.5,12,3.25,3.43,5
Forward,ALL,0.17,77.5,206.4,81.5,103,8.5,9,26,30.5,12,3.25,3.42,6
Forward,ALL,0.18,77.5,207.2,81.75,103,8.5,9,26.5,31,11.97,3.2408,3.41,6
Forward,ALL,0.19,77.5,208,81.75,103,8.5,9,26.5,31,11.95,3.24,3.4,6
Forward,ALL,0.2,77.75,208.72,82,103.5,8.5,9,26.5,31,11.93,3.232,3.4,6
Forward,ALL,0.21,77.75,209,82,103.5,8.5,9,26.5,31.075,11.9,3.23,3.4,6
Forward,ALL,0.22,77.75,209.712,82,103.5,8.5,9,26.5,31.5,11.88,3.23,3.3902,7
Forward,ALL,0.23,77.75,210.308,82,103.5,8.5,9,27,31.5,11.86,3.22,3.38,7
Forward,ALL,0.24,78,211,82,103.5,8.5,9,27,31.5,11.846,3.21,3.38,7
Forward,ALL,0.25,78,211.2,82.25,104,8.5,9,27,31.5,11.83,3.205,3.38,7
Forward,ALL,0.26,78,211.6,82.25,104,8.5,9,27,31.5,11.81,3.2,3.37,7
Forward,ALL,0.27,78,212.2,82.3,104,8.5,9.3,27,32,11.79,3.2,3.37,8
Forward,ALL,0.28,78,212.8,82.5,104,8.5,9.3,27,32,11.77,3.19,3.36,8
Forward,ALL,0.29,78.105,213.084,82.5,104,8.75,9.3,27,32,11.75,3.19,3.36,8
Forward,ALL,0.3,78.25,213.88,82.75,104,8.75,9.3,27.5,32,11.74,3.18,3.35,8
Forward,ALL,0.31,78.25,214,82.75,104.5,8.75,9.3,27.5,32,11.72,3.17,3.35,8
Forward,ALL,0.32,78.25,214.6,82.75,104.5,8.75,9.3,27.5,32.5,11.7,3.1684,3.34,8.76
Forward,ALL,0.33,78.25,215,83,104.5,8.75,9.3,27.5,32.5,11.69,3.15,3.34,9
Forward,ALL,0.34,78.5,215.864,83,104.5,8.75,9.3,27.5,32.5,11.686,3.15,3.34,9
Forward,ALL,0.35,78.5,216,83,104.5,8.75,9.3,27.5,32.5,11.665,3.14,3.33,9
Forward,ALL,0.36,78.5,216.856,83,104.5,8.75,9.3,28,32.5,11.65,3.14,3.33,9
Forward,ALL,0.37,78.5,217.252,83.25,104.5,8.75,9.3,28,33,11.64,3.13,3.32,9
Forward,ALL,0.38,78.5,218,83.25,105,8.75,9.3,28,33,11.62,3.12,3.32,10
Forward,ALL,0.39,78.75,218.122,83.25,105,8.75,9.5,28,33,11.61,3.12,3.32,10
Forward,ALL,0.4,78.75,218.6,83.5,105,8.75,9.5,28,33,11.59,3.11,3.31,10
Forward,ALL,0.41,78.75,219.2,83.5,105,8.75,9.5,28.5,33,11.579,3.1,3.31,10
Forward,ALL,0.42,78.75,219.8,83.5,105,8.75,9.5,28.5,33,11.56,3.1,3.3,10
Forward,ALL,0.43,79,220,83.5,105.5,8.75,9.5,28.5,33.5,11.55,3.1,3.3,10
Forward,ALL,0.44,79,220.512,83.53,105.5,8.75,9.5,28.5,33.5,11.54,3.09,3.3,10
Forward,ALL,0.45,79,221,83.75,105.5,8.75,9.5,28.5,33.5,11.515,3.09,3.3,11
Forward,ALL,0.46,79,221.6,83.75,105.5,8.75,9.5,28.5,33.5,11.504,3.08,3.29,11
Forward,ALL,0.47,79,222,84,105.5,8.8,9.5,28.5,33.5,11.483,3.08,3.29,11
Forward,ALL,0.48,79,222.208,84,105.5,9,9.5,28.5,34,11.47,3.07,3.29,11
Forward,ALL,0.49,79.25,222.804,84,105.5,9,9.5,29,34,11.46,3.07,3.29,11
Forward,ALL,0.5,79.25,223,84,106,9,9.5,29,34,11.45,3.06,3.28,11
Forward,ALL,0.51,79.25,223.8,84,106,9,9.5,29,34,11.43,3.06,3.28,11
Forward,ALL,0.52,79.25,224.192,84,106,9,9.5,29,34.5,11.42,3.0512,3.28,12
Forward,ALL,0.53,79.25,225.388,84.25,106,9,9.5,29,34.5,11.4,3.05,3.27,12
Forward,ALL,0.54,79.484,226,84.25,106,9,9.5,29,34.5,11.39,3.05,3.27,12
Forward,ALL,0.55,79.5,226.6,84.25,106,9,9.5,29.5,34.5,11.38,3.04,3.27,12
Forward,ALL,0.56,79.5,227,84.5,106.5,9,9.5,29.5,34.5,11.36,3.04,3.26,12
Forward,ALL,0.57,79.5,227.4,84.5,106.5,9,9.8,29.5,34.775,11.35,3.04,3.26,12
Forward,ALL,0.58,79.5,228,84.5,106.5,9,9.8,29.5,35,11.34,3.0348,3.26,12
Forward,ALL,0.59,79.5,228.364,84.5,106.5,9,9.8,29.5,35,11.33,3.03,3.25,13
Forward,ALL,0.6,79.75,229,84.5,106.5,9,9.8,29.5,35,11.32,3.03,3.25,13
Forward,ALL,0.61,79.75,229.8,84.75,106.5,9,9.8,29.77,35,11.3,3.0266,3.25,13
Forward,ALL,0.62,79.75,230,84.75,106.5,9,9.8,30,35,11.288,3.02,3.25,13
Forward,ALL,0.63,79.75,230.2,85,107,9,9.8,30,35,11.267,3.01,3.25,13
Forward,ALL,0.64,80,231.344,85,107,9,9.8,30,35.5,11.256,3,3.24,13
Forward,ALL,0.65,80,232,85,107,9,9.8,30,35.5,11.24,3,3.24,13
Forward,ALL,0.66,80,232.672,85,107,9,9.8,30.5,35.5,11.224,3,3.23,13
Forward,ALL,0.67,80,233,85.25,107,9,9.8,30.5,35.5,11.21,3,3.23,14
Forward,ALL,0.68,80.25,233.928,85.25,107,9,10,30.5,35.5,11.2,3,3.22,14
Forward,ALL,0.69,80.25,234,85.25,107,9,10,30.5,36,11.2,3,3.22,14
Forward,ALL,0.7,80.25,235,85.5,107.5,9,10,30.5,36,11.18,3,3.22,14
Forward,ALL,0.71,80.25,235.716,85.5,107.5,9,10,30.5,36,11.17,3,3.21,14
Forward,ALL,0.72,80.3,236.112,85.5,107.5,9,10,31,36,11.168,3,3.21,14
Forward,ALL,0.73,80.5,237.108,85.75,107.5,9,10,31,36,11.15,3,3.2043,15
Forward,ALL,0.74,80.5,238,85.75,107.5,9,10,31,36.5,11.14,3,3.2,15
Forward,ALL,0.75,80.5,238.55,86,107.5,9.25,10,31,36.5,11.12,2.995,3.2,15
Forward,ALL,0.76,80.5,239,86,107.74,9.25,10,31,36.5,11.11,2.99,3.2,15
Forward,ALL,0.77,80.75,239.692,86,108,9.25,10,31.5,36.5,11.1,2.98,3.2,15
Forward,ALL,0.78,80.75,240,86,108,9.25,10,31.5,37,11.08,2.97,3.19,15
Forward,ALL,0.79,80.75,240.8,86.25,108,9.25,10,31.5,37,11.05,2.96,3.19,15
Forward,ALL,0.8,80.75,241.2,86.25,108,9.25,10,31.5,37,11.03,2.948,3.18,15
Forward,ALL,0.81,80.75,242,86.25,108,9.25,10.18,32,37,11.01,2.94,3.18,16
Forward,ALL,0.82,81,242.4,86.5,108.5,9.25,10.3,32,37.5,11,2.93,3.17,16
Forward,ALL,0.83,81,243.204,86.5,108.5,9.25,10.3,32,37.5,11,2.91,3.17,16
Forward,ALL,0.84,81,244.66,86.75,108.5,9.25,10.3,32,37.5,10.99,2.91,3.16,17
Forward,ALL,0.85,81.075,246,86.825,108.5,9.25,10.3,32.45,37.5,10.98,2.9,3.15,17
Forward,ALL,0.86,81.25,247,87,109,9.25,10.3,32.5,38,10.95,2.9,3.15,17
Forward,ALL,0.87,81.25,248,87,109,9.25,10.3,32.5,38,10.93,2.8822,3.14,18
Forward,ALL,0.88,81.348,249.6,87,109,9.25,10.3,33,38,10.91,2.8728,3.14,18
Forward,ALL,0.89,81.5,250,87.25,109,9.25,10.3,33,38.175,10.89,2.8468,3.13,18
Forward,ALL,0.9,81.5,252,87.5,109.5,9.25,10.5,33,38.5,10.87,2.824,3.12,19
Forward,ALL,0.91,81.5,252.836,87.5,109.5,9.5,10.5,33,38.5,10.82,2.8046,3.1,19
Forward,ALL,0.92,81.75,254.232,87.75,109.5,9.5,10.5,33.5,39,10.79,2.8,3.1,19
Forward,ALL,0.93,82,256.028,88,109.57,9.5,10.5,33.5,39.475,10.75,2.7774,3.0863,20
Forward,ALL,0.94,82,257.648,88,110,9.5,10.5,34,39.5,10.712,2.75,3.07,20
Forward,ALL,0.95,82.25,259,88.25,110,9.5,10.8,34,40,10.675,2.704,3.0445,20
Forward,ALL,0.96,82.25,261,88.5,110.5,9.5,10.8,34.5,40.5,10.63,2.6528,3,21
Forward,ALL,0.97,82.5,263.06,88.75,110.5,9.55,10.8,35,40.5,10.583,2.6182,3,22
Forward,ALL,0.98,83,267.048,89.26,111.5,9.75,11,35.5,41.35,10.56,2.5788,3,23
Forward,ALL,0.99,83.5,276.628,90,112,9.85,11.3,36.93,42,10.441,2.487,3,25
Guard,ALL,0,67.75,0,70,88.5,7.5,7,21,26.5,12.62,3.7,4,0
Guard,ALL,0.01,69,161.264,71.585,91.5,7.5,7.773,23,28.5,12.2,3.462,3.4946,0
Guard,ALL,0.02,69.5,163.732,72.42,92,7.5,7.8,24,29,12.0792,3.41,3.4592,0
Guard,ALL,0.03,70,165.995,73,92.5,7.75,8,24.5,29.5,12.0088,3.4032,3.4338,0
Guard,ALL,0.04,70.25,167,73.5,92.68,7.75,8,24.5,30,11.9592,3.3376,3.4184,0
Guard,ALL,0.05,70.675,167.93,74,93,7.75,8.3,25,30.9,11.878,3.322,3.4,0.3
Guard,ALL,0.06,71,169.6,74,93.5,8,8.3,25,31,11.8088,3.3,3.4,1
Guard,ALL,0.07,71,170.124,74.25,94,8,8.3,25.5,31,11.78,3.28,3.39,1
Guard,ALL,0.08,71.18,171,74.5,94,8,8.3,26,31.5,11.73,3.26,3.38,1
Guard,ALL,0.09,71.5,172,74.5,94.03,8,8.5,26,31.5,11.6932,3.25,3.3614,1
Guard,ALL,0.1,71.5,173.72,74.77,94.5,8,8.5,26,31.5,11.666,3.24,3.35,1
Guard,ALL,0.11,71.75,175,75,94.5,8,8.5,26,32,11.63,3.23,3.34,1
Guard,ALL,0.12,71.75,175.2,75.02,95,8,8.5,26.5,32,11.61,3.2128,3.34,2
Guard,ALL,0.13,71.855,176,75.25,95,8,8.5,26.5,32,11.5924,3.21,3.33,2
Guard,ALL,0.14,72,176.562,75.5,95,8,8.5,26.5,32.5,11.57,3.2016,3.32,2
Guard,ALL,0.15,72,177.19,75.5,95.5,8,8.5,27,32.5,11.542,3.2,3.32,2
Guard,ALL,0.16,72.25,178,75.61,95.5,8,8.5,27,32.5,11.5168,3.2,3.32,3
Guard,ALL,0.17,72.25,178.4,76,96,8,8.5,27,32.5,11.5016,3.19,3.31,3
Guard,ALL,0.18,72.25,178.988,76,96,8,8.5,27.5,33,11.5,3.1892,3.3028,3
Guard,ALL,0.19,72.5,179.2,76,96,8.0725,8.5,27.5,33,11.48,3.18,3.3,4
Guard,ALL,0.2,72.5,180,76,96,8.25,8.5,27.5,33,11.46,3.17,3.29,4
Guard,ALL,0.21,72.5,180.4,76.25,96.5,8.25,8.8,27.5,33,11.45,3.17,3.29,4
Guard,ALL,0.22,72.75,181,76.5,96.5,8.25,8.8,27.5,33,11.43,3.1668,3.29,4
Guard,ALL,0.23,72.75,181.118,76.5,96.5,8.25,8.8,27.555,33,11.4004,3.16,3.28,4.78
Guard,ALL,0.24,72.75,181.592,77,96.5,8.25,8.8,28,33.5,11.3952,3.16,3.28,5
Guard,ALL,0.25,72.775,182.4,77,97,8.25,8.8,28,33.5,11.38,3.15,3.27,5
Guard,ALL,0.26,73,183,77.25,97,8.25,8.8,28,33.5,11.37,3.1444,3.27,5
Guard,ALL,0.27,73,183.182,77.25,97,8.25,8.8,28,33.5,11.34,3.1388,3.27,5
Guard,ALL,0.28,73,183.572,77.25,97,8.25,8.8,28,34,11.3244,3.13,3.27,6
Guard,ALL,0.29,73,184,77.5,97.5,8.25,8.8,28.5,34,11.3,3.13,3.27,6
Guard,ALL,0.3,73.25,184.59,77.5,97.5,8.25,8.86,28.5,34,11.288,3.13,3.26,6
Guard,ALL,0.31,73.25,185,77.5,97.5,8.25,9,28.5,34,11.2788,3.12,3.26,6
Guard,ALL,0.32,73.25,185.2,77.5,97.5,8.25,9,28.5,34,11.27,3.12,3.26,6
Guard,ALL,0.33,73.5,186,77.75,97.5,8.25,9,28.5,34,11.26,3.11,3.25,7
Guard,ALL,0.34,73.5,186.322,78,98,8.25,9,28.5,34.5,11.24,3.11,3.25,7
Guard,ALL,0.35,73.5,186.91,78,98,8.25,9,29,34.5,11.228,3.104,3.25,7
Guard,ALL,0.36,73.5,187,78,98,8.25,9,29,34.5,11.21,3.1,3.25,7
Guard,ALL,0.37,73.75,187.842,78,98,8.25,9,29,34.5,11.2,3.1,3.24,7
Guard,ALL,0.38,73.75,188.508,78.25,98,8.25,9,29,34.64,11.1824,3.1,3.24,7
Guard,ALL,0.39,74,188.8,78.25,98,8.25,9,29,35,11.1572,3.1,3.2394,8
Guard,ALL,0.4,74,189,78.25,98,8.25,9,29,35,11.15,3.09,3.23,8
Guard,ALL,0.41,74,189.518,78.5,98.5,8.25,9,29,35,11.13,3.09,3.23,8
Guard,ALL,0.42,74,190,78.5,98.5,8.5,9,29,35,11.1216,3.08,3.22,8
Guard,ALL,0.43,74.25,190.238,78.5,98.5,8.5,9,29.5,35,11.12,3.08,3.22,8
Guard,ALL,0.44,74.25,191,78.74,98.5,8.5,9,29.5,35,11.12,3.08,3.22,8
Guard,ALL,0.45,74.25,191.4,78.75,98.5,8.5,9,29.5,35.5,11.106,3.07,3.22,8
Guard,ALL,0.46,74.282,191.8,78.8,98.82,8.5,9,29.5,35.5,11.1,3.0624,3.21,8.56
Guard,ALL,0.47,74.5,192.2,79,99,8.5,9,29.5,35.5,11.0856,3.05,3.21,9
Guard,ALL,0.48,74.5,192.768,79,99,8.5,9,29.5,35.5,11.0704,3.05,3.21,9
Guard,ALL,0.49,74.5,193,79,99,8.5,9,30,35.5,11.07,3.0356,3.2,9
Guard,ALL,0.5,74.5,193.1,79,99,8.5,9,30,36,11.06,3.03,3.2,9
Guard,ALL,0.51,74.75,194,79,99,8.5,9.3,30,36,11.04,3.0244,3.2,9
Guard,ALL,0.52,74.75,194,79.25,99.5,8.5,9.3,30,36,11.0296,3.02,3.2,9
Guard,ALL,0.53,75,194.449,79.25,99.5,8.5,9.3,30,36,11.01,3.02,3.2,9.58
Guard,ALL,0.54,75,194.764,79.25,99.5,8.5,9.3,30,36.12,11,3.0176,3.2,10
Guard,ALL,0.55,75,195.2,79.25,99.5,8.5,9.3,30,36.5,11,3.01,3.2,10
Guard,ALL,0.56,75,195.6,79.5,99.5,8.5,9.3,30.5,36.5,11,3,3.19,10
Guard,ALL,0.57,75,196,79.5,99.5,8.5,9.3,30.5,36.5,11,3,3.19,10
Guard,ALL,0.58,75,196.2,79.5,100,8.5,9.3,30.5,36.5,11,3,3.19,10
Guard,ALL,0.59,75,196.494,79.5,100,8.5,9.3,30.5,36.5,10.99,3,3.19,10
Guard,ALL,0.6,75.25,197,79.75,100,8.5,9.3,30.5,36.5,10.98,3,3.18,10
Guard,ALL,0.61,75.25,197.226,79.75,100,8.5,9.3,30.5,37,10.9728,3,3.18,10
Guard,ALL,0.62,75.25,197.892,79.816,100,8.5,9.3,30.5,37,10.97,3,3.18,10
Guard,ALL,0.63,75.25,198,80,100,8.5,9.5,31,37,10.96,3,3.18,11
Guard,ALL,0.64,75.25,198.4,80,100.5,8.5,9.5,31,37,10.9572,3,3.17,11
Guard,ALL,0.65,75.5,199,80,100.5,8.5,9.5,31,37,10.95,3,3.17,11
Guard,ALL,0.66,75.5,199,80,100.5,8.5,9.5,31,37.5,10.94,3,3.17,11
Guard,ALL,0.67,75.5,199.4,80.195,100.5,8.5,9.5,31,37.5,10.93,3,3.16,11
Guard,ALL,0.68,75.5,200,80.25,100.5,8.5,9.5,31.5,37.5,10.9,2.99,3.16,12
Guard,ALL,0.69,75.615,200.6,80.25,100.5,8.5,9.5,31.5,37.5,10.89,2.98,3.15,12
Guard,ALL,0.7,75.75,201,80.5,101,8.5,9.5,31.5,37.5,10.87,2.98,3.15,12
Guard,ALL,0.71,75.75,201.686,80.5,101,8.5,9.5,31.5,37.5,10.87,2.98,3.15,12
Guard,ALL,0.72,75.774,202,80.62,101,8.75,9.5,31.5,38,10.8556,2.97,3.15,12
Guard,ALL,0.73,76,202.4,80.75,101,8.75,9.5,31.5,38,10.84,2.9612,3.14,13
Guard,ALL,0.74,76,202.884,80.75,101,8.75,9.5,31.5,38,10.82,2.9556,3.14,13
Guard,ALL,0.75,76,203.2,81,101,8.75,9.5,32,38,10.82,2.95,3.135,13
Guard,ALL,0.76,76,204,81,101.5,8.75,9.5,32,38.28,10.81,2.93,3.13,13
Guard,ALL,0.77,76,204,81,101.5,8.75,9.5,32,38.5,10.7996,2.92,3.1242,13
Guard,ALL,0.78,76.25,204.6,81,101.5,8.75,9.5,32,38.5,10.78,2.92,3.12,13
Guard,ALL,0.79,76.25,205,81,101.5,8.75,9.5,32,38.5,10.77,2.92,3.11,13
Guard,ALL,0.8,76.25,205.68,81.25,102,8.75,9.5,32.5,38.5,10.76,2.91,3.11,14
Guard,ALL,0.81,76.25,206.4,81.25,102,8.75,9.8,32.5,39,10.75,2.9064,3.1026,14
Guard,ALL,0.82,76.3,207,81.47,102,8.75,9.8,32.5,39,10.74,2.9,3.1,14
Guard,ALL,0.83,76.5,207.756,81.5,102,8.75,9.8,32.5,39,10.72,2.9,3.1,14
Guard,ALL,0.84,76.5,208.544,81.5,102,8.75,9.8,32.5,39.5,10.7,2.9,3.1,14
Guard,ALL,0.85,76.5,209.2,81.75,102.5,8.75,9.8,33,39.5,10.68,2.89,3.09,15
Guard,ALL,0.86,76.5,210,82,102.5,9,9.8,33,40,10.66,2.88,3.08,15
Guard,ALL,0.87,76.5,210.542,82,102.5,9,9.8,33,40,10.64,2.87,3.08,15
Guard,ALL,0.88,76.75,211.808,82,102.5,9,9.8,33,40.14,10.63,2.8672,3.07,15
Guard,ALL,0.89,76.75,212.148,82.25,103,9,9.8,33.365,40.5,10.6,2.8516,3.07,15
Guard,ALL,0.9,76.75,213,82.3,103,9,10,33.5,40.5,10.59,2.84,3.07,16
Guard,ALL,0.91,77,213.806,82.5,103,9,10,33.5,40.5,10.57,2.8208,3.06,16
Guard,ALL,0.92,77,215,82.5,103.14,9,10,33.5,41,10.5416,2.8048,3.04,16
Guard,ALL,0.93,77.25,216.138,82.905,103.5,9,10,34,41.04,10.53,2.7492,3.0278,17
Guard,ALL,0.94,77.25,217.2,83,103.5,9,10,34.29,41.5,10.49,2.7,3,17
Guard,ALL,0.95,77.3,218,83.25,103.5,9,10,34.5,42,10.476,2.64,3,17
Guard,ALL,0.96,77.5,220.568,83.25,104,9,10.3,34.5,42,10.45,2.5216,3,17
Guard,ALL,0.97,77.75,222,83.5,104,9,10.3,35,42.16,10.42,2.49,3,18
Guard,ALL,0.98,78,223.272,84,104.5,9.045,10.336,35.5,43,10.3516,2.4612,3,19
Guard,ALL,0.99,78.283,225.534,84.75,105.33,9.25,10.5,36.715,43.5,10.1788,2.4168,3,21.14
